epoch,lr,train_loss,val_loss,val_score,val_acc_main,val_acc_turn,val_main_confidence_mean,val_turn_confidence_mean,val_main_low_conf_0p60_ratio,val_turn_low_conf_0p60_ratio,val_turn_left_recall,val_turn_right_recall,val_acc_turn_transition,val_theta_mae_deg,val_theta_abs_le_10_p95_abs_err_deg,val_theta_neg_10_8_p95_abs_err_deg,val_theta_pos_8_10_p95_abs_err_deg,val_theta_abs_le_8_p95_abs_err_deg,val_theta_neg_8_6_p95_abs_err_deg,val_theta_pos_6_8_p95_abs_err_deg,val_theta_neg_2_0p5_p95_abs_err_deg,val_theta_pos_0p5_2_p95_abs_err_deg,val_theta_flat_abs_p95_deg,val_theta_flat_bias_deg,val_theta_near_flat_abs_p95_deg,val_theta_true_zero_abs_p95_deg,val_flat_recall,val_stall_recall,val_slope_recall
1,0.0009999238475781956,0.7369024294436974,0.4338252951369964,6.792620534936296,0.8504027617951668,0.6444188722669736,0.8082448037672538,0.6417578639351276,0.13693901035673187,0.4994246260069045,0.6704980842911877,0.6132478632478633,0.3523809523809524,2.954288959503174,7.954838275909424,9.271069526672363,6.613016128540039,7.811714172363281,6.833767414093018,8.956401824951172,8.074549674987793,5.9665727615356445,7.830406188964844,0.45652100443840027,9.416194915771484,nan,0.6738703339882122,0.40425531914893614,0.9044368600682594
2,0.0009996954135095479,0.3219277696288514,0.3416293295786945,5.66167422691059,0.9006520905255082,0.667433831990794,0.9093323892176846,0.650692537430683,0.05140007671653241,0.4856156501726122,0.6800766283524904,0.5918803418803419,0.42857142857142855,2.7584006786346436,7.24695348739624,7.357141494750977,4.655928611755371,7.303845405578613,7.24029541015625,7.925384044647217,7.006496906280518,7.256717681884766,7.356205463409424,1.1557302474975586,8.175562858581543,nan,0.9096267190569745,0.48936170212765956,0.9078498293515358
3,0.0009993147673772868,0.2375540952222124,0.3652227457611324,5.166044317248841,0.9021864211737629,0.6762562332182586,0.9204546231794755,0.6617108312875218,0.05561948599923283,0.4568469505178366,0.6475095785440613,0.6089743589743589,0.46904761904761905,2.5274055004119873,6.037499904632568,7.726199150085449,4.140707492828369,6.0155839920043945,5.622647285461426,6.649083137512207,7.6651530265808105,5.525576114654541,6.807374000549316,1.4938337802886963,7.642596244812012,nan,0.8565815324165029,0.5957446808510638,0.9205265724037055
4,0.000998782025129912,0.19332925415002586,0.3251270536128982,6.989483907554857,0.9102416570771001,0.6923667050249329,0.9392570680653193,0.6699290113952442,0.04411200613732259,0.4491752972765631,0.6206896551724138,0.594017094017094,0.4595238095238095,3.7940447330474854,8.055835723876953,11.807793617248535,5.562037467956543,8.048395156860352,7.145310401916504,10.416227340698242,9.461363792419434,7.563253879547119,8.726273536682129,2.2224602699279785,9.663289070129395,nan,0.8172888015717092,0.6595744680851063,0.9390541199414919
5,0.0009980973490458726,0.16401480225500756,0.2979809321866074,5.156510250906468,0.9367088607594937,0.667433831990794,0.955325163137467,0.687621531272235,0.02032988108937476,0.4100498657460683,0.7337164750957854,0.5769230769230769,0.43333333333333335,2.4122440814971924,6.028919219970703,6.223754405975342,4.014866828918457,6.118962287902832,5.367070198059082,7.855593204498291,8.896568298339844,5.6157073974609375,6.956372261047363,2.175516366958618,7.147894382476807,nan,0.8762278978388998,0.7021276595744681,0.9570941004388104
6,0.0009972609476841365,0.15344795048783977,0.27297357275744805,4.286381842825714,0.9401611047180668,0.6927502876869965,0.9583144291429299,0.6857439672938493,0.022247794399693134,0.4046797084771768,0.7126436781609196,0.6068376068376068,0.4642857142857143,2.000339984893799,5.167989730834961,5.683536529541016,5.096978664398193,5.128420352935791,4.971734046936035,5.672148704528809,6.79414176940918,4.727367401123047,5.54955530166626,1.232566237449646,5.6587443351745605,nan,0.8762278978388998,0.7659574468085106,0.9600195026816187
7,0.000996273075820661,0.13184491756405026,0.2303435496034227,4.556839248029769,0.9520521672420407,0.6992711929420791,0.9685383620678075,0.7007762400228346,0.01726121979286536,0.3739930955120829,0.710727969348659,0.5982905982905983,0.4714285714285714,1.9902423620224,6.2862348556518555,5.240550994873047,7.3944807052612305,6.08074426651001,4.21123743057251,7.692840099334717,6.809225559234619,5.647212505340576,5.763558864593506,-0.5013971328735352,5.137533187866211,nan,0.9332023575638507,0.8297872340425532,0.9595319356411507
8,0.000995134034370785,0.11917203607054151,0.25412539806821405,4.506289782902147,0.9493670886075949,0.6985040276179517,0.9653675378601007,0.7137605472075483,0.016494054468738015,0.36210203298810895,0.632183908045977,0.5854700854700855,0.45476190476190476,2.4197168350219727,5.6818671226501465,6.1611175537109375,2.9462690353393555,5.775056838989258,6.01575231552124,6.041301250457764,6.5058135986328125,5.309688568115234,6.089674472808838,2.3444876670837402,6.1449360847473145,nan,0.9194499017681729,0.7872340425531915,0.9605070697220868
9,0.0009938441702975688,0.1123661779941151,0.27925522824928684,3.0944279658713305,0.9405446873801304,0.6992711929420791,0.965086292333922,0.7212935921901833,0.020713463751438434,0.33908707326428844,0.6513409961685823,0.5918803418803419,0.47619047619047616,1.388940453529358,3.85809588432312,3.182703733444214,3.9615461826324463,3.851990222930908,3.0038962364196777,4.6902337074279785,4.9271650314331055,3.1686673164367676,4.5089545249938965,0.968796968460083,4.486935138702393,nan,0.9037328094302554,0.7659574468085106,0.9536811311555339
10,0.000992403876506104,0.1083012686773879,0.2367436193418448,3.2611601207183765,0.9532029152282316,0.6843114691215957,0.9722524225079601,0.7102007125298329,0.01227464518603759,0.36171845032604527,0.685823754789272,0.6346153846153846,0.4785714285714286,1.6130367517471313,4.063355922698975,4.611545562744141,2.895318031311035,4.1076788902282715,4.4771833419799805,5.885512351989746,4.8093109130859375,3.3141531944274902,4.357638359069824,0.571220874786377,4.51275634765625,nan,0.925343811394892,0.7872340425531915,0.9639200390053633
11,0.000990813591723832,0.105811219689703,0.2681173892326633,4.481334864900101,0.9482163406214039,0.6958189489835059,0.9712288013733009,0.7224786214096476,0.01611047180667434,0.33448408131952434,0.7030651340996169,0.6132478632478633,0.45714285714285713,2.4589152336120605,5.4047698974609375,8.188935279846191,3.5618977546691895,5.248386859893799,4.924654006958008,5.552463531494141,6.505198955535889,4.844851970672607,6.086704730987549,2.2142820358276367,6.167640686035156,nan,0.9292730844793713,0.7659574468085106,0.9570941004388104
12,0.0009890738003669028,0.10019200939553616,0.23634741583636862,3.1161468998691344,0.9555044112006137,0.679324894514768,0.9751899203699519,0.7276909308455408,0.013425393172228616,0.3598005370157269,0.7068965517241379,0.5982905982905983,0.47619047619047616,1.4618269205093384,3.790532112121582,3.0385615825653076,3.0377402305603027,3.8651669025421143,2.7800073623657227,4.388181209564209,4.800966262817383,3.970672369003296,4.882248878479004,1.8454171419143677,4.771819114685059,nan,0.888015717092338,0.851063829787234,0.9746465138956607
13,0.0009871850323926177,0.09599074125517888,0.252899744408223,2.5287300764397007,0.9593402378212504,0.7061756808592251,0.9802276383924763,0.7223660847031587,0.011123897199846567,0.334867663981588,0.7126436781609196,0.6132478632478633,0.5071428571428571,1.3436055183410645,3.316084861755371,3.7141096591949463,3.3625526428222656,3.245421886444092,3.2557973861694336,3.2540273666381836,3.056025505065918,2.784491777420044,3.664632558822632,0.607571542263031,3.5815036296844482,nan,0.9135559921414538,0.7872340425531915,0.9746465138956607
14,0.0009851478631379982,0.0905787154581101,0.26568457700303566,2.663147331220861,0.9485999232834675,0.6973532796317606,0.9770516103308395,0.7530782044666469,0.013425393172228616,0.28768699654775604,0.6130268199233716,0.6410256410256411,0.4857142857142857,1.2101314067840576,3.0581157207489014,4.276873588562012,2.4990553855895996,3.0429258346557617,2.859543800354004,2.7338616847991943,5.024096488952637,2.45713210105896,3.793511390686035,1.1223022937774658,4.173293113708496,nan,0.8919449901768173,0.8085106382978723,0.9658703071672355
15,0.0009829629131445341,0.08366440625747505,0.2909753274588371,3.0000942542004347,0.9470655926352128,0.7100115074798619,0.9754449952265299,0.7322179606222021,0.015726889144610665,0.3291139240506329,0.6934865900383141,0.5961538461538461,0.49523809523809526,1.2520242929458618,3.6848793029785156,3.2480180263519287,3.266735076904297,3.7600929737091064,2.7201523780822754,3.479240655899048,4.702616214752197,3.603710174560547,4.728738784790039,1.8356691598892212,4.7907915115356445,nan,0.9194499017681729,0.8297872340425532,0.9566065333983422
16,0.0009806308479691594,0.07853499133151655,0.2612470612644372,2.7022658760489313,0.9474491752972766,0.6954353663214423,0.9770334113473125,0.7512871535271858,0.01457614115841964,0.301879555044112,0.6532567049808429,0.6901709401709402,0.46190476190476193,1.1230648756027222,3.155045509338379,3.052619218826294,2.6496591567993164,3.288161516189575,2.840333938598633,3.8550097942352295,4.674341201782227,2.7155263423919678,3.9156875610351562,1.5241752862930298,4.046298027038574,nan,0.9056974459724951,0.8936170212765957,0.9590443686006825
17,0.0009781523779815178,0.08100539274735993,0.3094246680589302,2.5119278638532334,0.9608745684695051,0.6923667050249329,0.9848536510337981,0.7369212389077561,0.007671653241273495,0.30724971231300346,0.6685823754789272,0.6303418803418803,0.5023809523809524,1.1181395053863525,3.083850145339966,2.450995445251465,3.0838332176208496,3.1872220039367676,1.991896629333496,4.178259372711182,2.7137293815612793,4.157905101776123,3.423962354660034,-1.0372768640518188,3.6261186599731445,nan,0.9587426326129665,0.7872340425531915,0.9653827401267674
18,0.0009755282581475768,0.07585860107840248,0.3153142239405453,2.949481266975519,0.9439969313387034,0.6720368239355581,0.9813738441440716,0.7516699549903643,0.013425393172228616,0.29650939777522056,0.6934865900383141,0.7286324786324786,0.48095238095238096,1.4404642581939697,3.4302968978881836,2.9503092765808105,2.273620367050171,3.5796594619750977,2.926926851272583,3.511458158493042,4.403071880340576,3.7767748832702637,4.766766548156738,1.887804627418518,4.637304782867432,nan,0.9194499017681729,0.851063829787234,0.9522184300341296
19,0.0009727592877996585,0.07663680323354925,0.2800853985751503,2.010324600769708,0.9532029152282316,0.6935174530111239,0.9825448142342333,0.76764739112543,0.007671653241273495,0.2550824702723437,0.6934865900383141,0.7542735042735043,0.45714285714285713,0.8628321290016174,2.5094199180603027,3.2465105056762695,2.2937207221984863,2.282505512237549,1.8834140300750732,2.704468250274658,2.9551239013671875,2.581867218017578,2.7015671730041504,0.04533983767032623,2.691502094268799,nan,0.8978388998035364,0.8723404255319149,0.9687957094100439
20,0.0009698463103929542,0.06962957185560882,0.31813300818513535,2.3127278730257275,0.9493670886075949,0.7295742232451093,0.9803088950459968,0.7721296109812322,0.011891062523973917,0.21787495205216725,0.6704980842911877,0.6987179487179487,0.5238095238095238,1.217551350593567,2.9994311332702637,4.904420375823975,2.058328628540039,2.854094982147217,3.2411508560180664,2.5973551273345947,3.110161542892456,1.9262443780899048,2.9561450481414795,0.6521052718162537,3.278817653656006,nan,0.899803536345776,0.851063829787234,0.9639200390053633
21,0.0009667902132486009,0.06879529360376047,0.30971519122601104,1.9637117171274314,0.9593402378212504,0.6965861143076333,0.9843621957051467,0.7725931510802815,0.01227464518603759,0.24472573839662448,0.6455938697318008,0.7222222222222222,0.4928571428571429,0.9118560552597046,2.4969289302825928,2.8554556369781494,1.6804633140563965,2.498108386993408,2.460580587387085,2.598284959793091,2.373837947845459,2.912601947784424,2.536062002182007,0.21063166856765747,2.6065125465393066,nan,0.9332023575638507,0.8085106382978723,0.9692832764505119
22,0.0009635919272833937,0.0667961736995071,0.3165219005241584,2.046411340004441,0.9493670886075949,0.6854622171077868,0.9809113690883163,0.7709018161632946,0.011891062523973917,0.2474108170310702,0.7375478927203065,0.6858974358974359,0.49047619047619045,0.8760297894477844,2.5647804737091064,3.130160093307495,1.8744010925292969,2.5352375507354736,2.599691390991211,2.4068214893341064,2.1755526065826416,1.70199453830719,2.9875285625457764,0.2083631455898285,3.896761178970337,nan,0.8664047151277013,0.851063829787234,0.9722086786933203
23,0.0009602524267262203,0.06213179199995336,0.3373984304204223,1.9807171557418444,0.9551208285385501,0.6927502876869965,0.9861879323144749,0.7759373352349604,0.006137322593018795,0.24319140774836978,0.7547892720306514,0.7072649572649573,0.4928571428571429,0.8731052875518799,2.2954654693603516,3.1467223167419434,1.72560453414917,2.2648937702178955,1.9664902687072754,2.7332687377929688,2.4344122409820557,2.462496042251587,2.8937063217163086,-0.4334080219268799,3.056291341781616,nan,0.8939096267190569,0.7872340425531915,0.9741589468551926
24,0.0009567727288213005,0.0636284162075959,0.25271794949860055,1.8005285269495692,0.9627924817798236,0.7211354046797085,0.9848781798216385,0.7965260737256676,0.006904487917146145,0.20138089758342922,0.6915708812260536,0.6923076923076923,0.5095238095238095,1.0127524137496948,2.290121078491211,2.2655253410339355,2.264204502105713,2.299038887023926,2.1005759239196777,2.8299496173858643,2.782965660095215,2.160269021987915,2.5535926818847656,0.005017330404371023,2.3201115131378174,nan,0.9233791748526523,0.851063829787234,0.9751340809361287
25,0.0009531538935183252,0.05963202140986783,0.29691547963598197,1.8715369441145844,0.956271576524741,0.714614499424626,0.9857005363876209,0.7958557913276261,0.010740314537782892,0.20214806290755657,0.6187739463601533,0.7628205128205128,0.4976190476190476,0.7885990738868713,2.1619105339050293,2.243650436401367,1.612966537475586,2.2423219680786133,1.8398951292037964,2.9668662548065186,2.831195116043091,1.772183895111084,2.9958348274230957,0.5747087597846985,2.863178014755249,nan,0.8821218074656189,0.8723404255319149,0.9765967820575329
26,0.0009493970231495836,0.06042583748729174,0.325897562878773,1.9141291248597478,0.9551208285385501,0.7261219792865362,0.9828388706095607,0.7911009581983961,0.011123897199846567,0.20560030686612965,0.6896551724137931,0.6944444444444444,0.4880952380952381,0.8364723920822144,2.3299930095672607,1.958649754524231,2.4523983001708984,2.327744245529175,1.8268887996673584,3.5061898231506348,2.527020215988159,2.410862684249878,2.633737087249756,-0.24572786688804626,2.1944727897644043,nan,0.8958742632612967,0.8085106382978723,0.9731838127742565
27,0.000945503262094184,0.05645028400057692,0.2618169600496266,1.7368056102967693,0.9597238204833142,0.7337936325278097,0.9843524645966003,0.7928065727912401,0.009589566551591868,0.21902570003835828,0.7567049808429118,0.6794871794871795,0.5166666666666667,0.7430077195167542,2.0009777545928955,1.9480085372924805,1.5493403673171997,2.0471138954162598,1.8407456874847412,2.3486363887786865,2.760772943496704,1.8877365589141846,3.0994045734405518,0.8850439190864563,3.1488473415374756,nan,0.8801571709233792,0.8936170212765957,0.9809848854217454
28,0.0009414737964294637,0.054043067482218377,0.3160554876170215,1.781282251463415,0.9581894898350595,0.7265055619485999,0.9873230528842806,0.79852415293062,0.006137322593018795,0.17261219792865362,0.7816091954022989,0.5747863247863247,0.5380952380952381,0.7750332355499268,2.067028760910034,1.764630675315857,2.257126808166504,2.0479846000671387,1.8186585903167725,3.110999345779419,2.270479917526245,2.0931248664855957,3.2666409015655518,0.4427439868450165,2.7121641635894775,nan,0.9194499017681729,0.851063829787234,0.9702584105314481
29,0.0009373098535696981,0.0545446973250461,0.26272824892469143,1.407395209479566,0.9635596471039509,0.7115458381281166,0.9851698337523604,0.7983041292025038,0.009973149213655544,0.2048331415420023,0.7298850574712644,0.7115384615384616,0.5,0.6493829488754272,1.7475937604904175,1.8107924461364746,1.6242001056671143,1.7490743398666382,1.5019630193710327,2.2193212509155273,2.090381622314453,1.3947601318359375,2.5685741901397705,-0.07734693586826324,2.18501615524292,nan,0.9332023575638507,0.851063829787234,0.9736713798147245
30,0.0009330127018922197,0.049902772248188614,0.39672508587725647,1.9101193907136957,0.9432297660145761,0.7130801687763713,0.9881383489824583,0.8094351367973921,0.00805523590333717,0.17568085922516302,0.7337164750957854,0.6688034188034188,0.5166666666666667,0.7492063045501709,2.139946222305298,1.347617268562317,1.756748914718628,2.222031354904175,1.5848441123962402,3.049419641494751,1.843737244606018,2.055046796798706,3.26210880279541,0.5776686668395996,3.310375452041626,nan,0.862475442043222,0.8297872340425532,0.9658703071672355
31,0.0009285836503510564,0.05074608241120475,0.2942389648880682,1.3687181100868044,0.9589566551591868,0.7502876869965478,0.9877561615041994,0.8139542707772534,0.009589566551591868,0.16724204065976217,0.7337164750957854,0.6538461538461539,0.5261904761904762,0.6123557686805725,1.7132107019424438,1.970638632774353,1.364466667175293,1.6995913982391357,1.6472216844558716,1.7277227640151978,1.9685907363891602,1.564527153968811,2.2455945014953613,0.2357756346464157,2.2375741004943848,nan,0.9076620825147348,0.851063829787234,0.9741589468551926
32,0.0009240240480782131,0.04743349572142712,0.3307168970493965,1.7680549198676374,0.9620253164556962,0.7096279248177982,0.9895077911703088,0.8053737207695133,0.006137322593018795,0.17798235519754507,0.7183908045977011,0.7350427350427351,0.5333333333333333,0.8808780312538147,2.1888065338134766,1.981004238128662,2.084712505340576,2.20400071144104,1.5316855907440186,4.0309038162231445,1.7925561666488647,2.380260467529297,2.3766231536865234,-0.5865664482116699,2.2354896068573,nan,0.9567779960707269,0.851063829787234,0.9658703071672355
33,0.0009193352839727123,0.049060621551754904,0.34686361129228116,1.8148261846740819,0.9535864978902954,0.7326428845416187,0.9883415933450997,0.8306154968720643,0.00728807057920982,0.13310318373609512,0.7720306513409961,0.6666666666666666,0.5166666666666667,0.7996614575386047,2.180245876312256,2.0978000164031982,1.3740051984786987,2.2412734031677246,2.3287205696105957,2.675976514816284,2.4697988033294678,1.646996021270752,2.8204832077026367,0.8372287750244141,2.670064926147461,nan,0.8939096267190569,0.851063829787234,0.9707459775719162
34,0.0009145187862775211,0.047416436023796055,0.3085140297135769,1.270297968770887,0.9627924817798236,0.7602608362102034,0.9885042250704698,0.8353365115426009,0.0038358266206367474,0.1457614115841964,0.6743295019157088,0.7029914529914529,0.5547619047619048,0.5876210927963257,1.708163857460022,1.8519480228424072,1.4484580755233765,1.7211723327636719,1.7172757387161255,2.1057181358337402,1.4612880945205688,1.0034488439559937,2.277501106262207,0.16552996635437012,2.2788074016571045,nan,0.9056974459724951,0.8297872340425532,0.9800097513408094
35,0.0009095760221444961,0.0396181702566608,0.41239239266881733,1.4349487120036608,0.9466820099731492,0.7349443805140008,0.9862939073727394,0.8359061426313562,0.009205983889528193,0.1503644035289605,0.7030651340996169,0.7115384615384616,0.5380952380952381,0.6519824862480164,1.6638994216918945,2.3151721954345703,1.755786418914795,1.5446255207061768,1.1517462730407715,2.170078992843628,1.5996384620666504,1.2271708250045776,2.257472276687622,-0.2228807657957077,1.950152039527893,nan,0.899803536345776,0.8297872340425532,0.9609946367625548
36,0.000904508497187474,0.04144766473062454,0.31528062621752423,1.370875415660354,0.9616417337936325,0.7334100498657461,0.9883717449931549,0.832886746353805,0.00805523590333717,0.14499424626006904,0.7126436781609196,0.717948717948718,0.5380952380952381,0.5365814566612244,1.677024245262146,2.382430076599121,1.1796636581420898,1.606095790863037,1.0592331886291504,2.223259687423706,1.9644161462783813,1.2212417125701904,2.489208221435547,0.38299959897994995,2.2699286937713623,nan,0.9056974459724951,0.851063829787234,0.9780594831789371
37,0.0008993177550236466,0.04852727467729321,0.3546269473144274,1.382395548738528,0.953970080552359,0.7341772151898734,0.9874395787815903,0.8377252995495116,0.006904487917146145,0.14921365554276947,0.7318007662835249,0.7051282051282052,0.5261904761904762,0.5243381261825562,1.5337722301483154,1.5632753372192383,1.1697115898132324,1.532954454421997,1.0109703540802002,1.9261986017227173,1.3630104064941406,1.3423731327056885,2.6369054317474365,0.49558591842651367,2.359236717224121,nan,0.8722986247544204,0.8936170212765957,0.9756216479765968
38,0.0008940053768033612,0.0398045570478975,0.28302570402416455,1.7947739006496661,0.9585730724971231,0.7399309551208285,0.986146099861386,0.8466192746892297,0.006904487917146145,0.12082853855005754,0.7950191570881227,0.6794871794871795,0.5238095238095238,0.7303915023803711,2.080003023147583,3.2459452152252197,1.7148712873458862,2.0332555770874023,1.3011958599090576,1.9006643295288086,2.8334128856658936,1.863256812095642,3.112123966217041,1.146450161933899,2.9098846912384033,nan,0.8821218074656189,0.8723404255319149,0.9795221843003413
39,0.0008885729807284856,0.042015689704740206,0.3059187845041526,2.7637817940277842,0.9578059071729957,0.7422324510932106,0.9872501306971295,0.8417196886945703,0.008822401227464518,0.13463751438434982,0.6992337164750958,0.7414529914529915,0.5404761904761904,1.6976985931396484,3.3886375427246094,2.763339042663574,3.102804660797119,3.4451346397399902,2.3461241722106934,3.934744119644165,3.756805896759033,3.3308706283569336,4.262837886810303,-1.93816339969635,3.9931797981262207,nan,0.888015717092338,0.8936170212765957,0.9765967820575329
40,0.0008830222215594892,0.04576246130858571,0.33395600646997164,1.2045672356131572,0.953970080552359,0.7483697736862294,0.9880695779408868,0.8530604254132407,0.004219409282700422,0.11392405063291139,0.7528735632183908,0.7521367521367521,0.5380952380952381,0.47516098618507385,1.3267983198165894,1.3544148206710815,1.5215487480163574,1.3118889331817627,1.021738886833191,1.7019516229629517,1.5267122983932495,1.0107344388961792,2.2844550609588623,-0.026109272614121437,1.7833456993103027,nan,0.8664047151277013,0.8723404255319149,0.977571916138469
41,0.0008773547901113863,0.04762567039129317,0.29681959162967436,1.2694912545263315,0.9597238204833142,0.7414652857690832,0.9851288018383502,0.8479690035879717,0.00728807057920982,0.12274645186037592,0.7873563218390804,0.75,0.5571428571428572,0.5042300224304199,1.5005898475646973,3.1163523197174072,1.1786339282989502,1.441385269165039,1.0156054496765137,1.9157466888427734,1.3714102506637573,1.0969979763031006,2.3962666988372803,0.20876599848270416,1.9874122142791748,nan,0.8840864440078585,0.8723404255319149,0.9804973183812774
42,0.0008715724127386973,0.0486349325092578,0.30121263451259805,1.1594248146059023,0.9608745684695051,0.7330264672036824,0.9866534850971841,0.8471038905902065,0.007671653241273495,0.12351361718450327,0.7624521072796935,0.7542735042735043,0.5404761904761904,0.4547419250011444,1.2859649658203125,1.484152913093567,1.1315586566925049,1.272472858428955,1.002901315689087,1.5782328844070435,1.4695360660552979,1.4929221868515015,2.5210821628570557,0.37098920345306396,2.154703378677368,nan,0.9037328094302554,0.8723404255319149,0.977084349098001
43,0.0008656768508095856,0.041715760963326035,0.3127501352243969,1.228222993461566,0.9566551591868048,0.7391637897967012,0.9888675652580609,0.8501981509363318,0.005753739930955121,0.11929420790180284,0.7145593869731801,0.7756410256410257,0.530952380952381,0.5083287954330444,1.390968918800354,1.4685779809951782,1.2085156440734863,1.3839752674102783,1.0317120552062988,1.4096758365631104,1.6305465698242188,1.3041348457336426,2.64217209815979,0.48359283804893494,1.920345664024353,nan,0.8919449901768173,0.8723404255319149,0.9746465138956607
44,0.0008596699001693258,0.03362787858631986,0.3585435708146649,1.1881506425939814,0.9532029152282316,0.747602608362102,0.9903355954549058,0.8569559082593337,0.004219409282700422,0.11354046797084771,0.7701149425287356,0.7200854700854701,0.530952380952381,0.46825480461120605,1.209436297416687,1.184065580368042,0.995171308517456,1.2179622650146484,1.0420129299163818,1.4770996570587158,1.5368361473083496,0.8379268646240234,2.2700936794281006,0.14841946959495544,1.8493362665176392,nan,0.8801571709233792,0.8936170212765957,0.9726962457337884
45,0.0008535533905932739,0.03341401361092663,0.3094173142587174,1.113076679653188,0.9742999616417338,0.7702339854238588,0.9917840557226653,0.8635460218619203,0.002685078634445723,0.10088224012274645,0.7701149425287356,0.6752136752136753,0.5523809523809524,0.4415941834449768,1.3185745477676392,1.3597005605697632,1.0765035152435303,1.3321559429168701,1.097693920135498,2.0945277214050293,1.32986319065094,0.845760703086853,2.3501384258270264,0.1577569842338562,2.2877373695373535,nan,0.9076620825147348,0.8297872340425532,0.9941491955143832
46,0.0008473291852294988,0.032125107318516276,0.26808501651998584,1.2345033761130433,0.968162639048715,0.7479861910241657,0.9907037090342762,0.8671615159745095,0.0034522439585730723,0.08899117759877254,0.7873563218390804,0.7008547008547008,0.5238095238095238,0.5813234448432922,1.5923492908477783,1.9799425601959229,1.4969377517700195,1.554865837097168,1.0903904438018799,2.1803171634674072,1.6375867128372192,1.0876774787902832,2.5664048194885254,0.16686215996742249,1.7411490678787231,nan,0.9292730844793713,0.8723404255319149,0.9800097513408094
47,0.0008409991800312495,0.0371379570642865,0.2769037157148523,2.5979749317123724,0.9635596471039509,0.7633294975067128,0.9894126158508882,0.8657874996172343,0.005753739930955121,0.1093210586881473,0.7490421455938697,0.7307692307692307,0.55,1.6684634685516357,3.3872311115264893,4.250650405883789,2.2557621002197266,3.3496146202087402,2.835498332977295,4.260934829711914,2.9172606468200684,2.794588804244995,3.9830148220062256,1.443545937538147,4.039403915405273,nan,0.899803536345776,0.8936170212765957,0.9809848854217454
48,0.0008345653031794294,0.0319033554869035,0.2925355070662489,1.1151501231446472,0.9650939777522056,0.7648638281549673,0.9919756350583847,0.864039682282881,0.0034522439585730723,0.10663598005370158,0.7681992337164751,0.7264957264957265,0.5619047619047619,0.4883005619049072,1.3376911878585815,1.9092546701431274,0.8291046619415283,1.300541639328003,0.9657042026519775,1.370692491531372,1.5655039548873901,1.3093032836914062,2.3222293853759766,-0.49117588996887207,1.8130072355270386,nan,0.9332023575638507,0.8723404255319149,0.9751340809361287
49,0.0008280295144952539,0.03182603838904323,0.38075289741804375,1.3242490969453369,0.9551208285385501,0.7510548523206751,0.9913136162057776,0.8659059731140196,0.0034522439585730723,0.09934790947449175,0.7681992337164751,0.7243589743589743,0.5476190476190477,0.5361857414245605,1.3966457843780518,1.3604096174240112,1.192857027053833,1.4023782014846802,1.1969290971755981,1.6336599588394165,1.7450101375579834,1.409759759902954,2.607117176055908,-0.3205595314502716,1.6883330345153809,nan,0.8742632612966601,0.8936170212765957,0.9765967820575329
50,0.0008213938048432698,0.0358363256129544,0.27550986619529755,1.2983679752017105,0.9700805523590333,0.7533563482930572,0.9921576998274036,0.8670281929174873,0.004219409282700422,0.09627924817798235,0.7835249042145593,0.7371794871794872,0.5666666666666667,0.5894927978515625,1.6517527103424072,1.503287434577942,1.2705845832824707,1.709648847579956,1.218909502029419,2.7107951641082764,1.6653144359588623,1.4786274433135986,2.6121323108673096,0.6344497203826904,2.4492433071136475,nan,0.931237721021611,0.8936170212765957,0.9814724524622136
51,0.000814660195524919,0.028318554458934327,0.42965147373636975,1.4306584928115933,0.9650939777522056,0.7698504027617952,0.9913413531878642,0.8745393942224216,0.0038358266206367474,0.08860759493670886,0.7298850574712644,0.7243589743589743,0.5761904761904761,0.5068395137786865,1.606749415397644,2.0079474449157715,0.9578648209571838,1.5724563598632812,0.9710919260978699,2.5128631591796875,1.846970796585083,1.1467212438583374,2.455641508102417,0.2181713730096817,1.3540667295455933,nan,0.8546168958742633,0.8936170212765957,0.9941491955143832
52,0.0008078307376628293,0.03245426552642331,0.4160550942492293,1.4164942136462781,0.9581894898350595,0.7591100882240123,0.9907997969245279,0.8694813682418394,0.00728807057920982,0.09666283084004602,0.764367816091954,0.7286324786324786,0.580952380952381,0.7525951266288757,1.6114816665649414,3.449246406555176,1.8362561464309692,1.3505213260650635,1.202656626701355,2.569794178009033,1.4465522766113281,0.9774211049079895,2.2334790229797363,-0.19838733971118927,1.4943594932556152,nan,0.8939096267190569,0.851063829787234,0.9765967820575329
53,0.0008009075115760244,0.030109267539355212,0.31760163054779017,3.8306635386491235,0.9620253164556962,0.7614115841963943,0.9904535081025637,0.8750033554386808,0.005370157268891446,0.08438818565400844,0.7969348659003831,0.7158119658119658,0.5714285714285714,2.5900707244873047,4.819915771484375,3.8803458213806152,3.981935501098633,4.907275199890137,3.0272023677825928,4.3648295402526855,5.630290985107422,4.998040676116943,6.3377299308776855,-3.0539400577545166,5.492177486419678,nan,0.9115913555992141,0.8936170212765957,0.9761092150170648
54,0.0007938926261462367,0.028745396363775582,0.33700512429055557,1.0132843511650271,0.9574223245109321,0.7610280015343307,0.9921803686820229,0.8692057486712026,0.0034522439585730723,0.09742999616417337,0.7471264367816092,0.7136752136752137,0.5333333333333333,0.31949588656425476,0.8805278539657593,1.4976543188095093,0.896714985370636,0.8319641351699829,0.6767606735229492,0.884344220161438,1.2047274112701416,0.7172985076904297,2.018364906311035,0.15547093749046326,1.3957154750823975,nan,0.9174852652259332,0.8936170212765957,0.9687957094100439
55,0.0007867882181755232,0.02835558607922742,0.26925026175273437,0.9798422382498805,0.9620253164556962,0.7733026467203682,0.990717128816847,0.8752755020999622,0.00652090525508247,0.09167625623321826,0.7777777777777778,0.7435897435897436,0.5523809523809524,0.462861567735672,1.106499433517456,1.111292839050293,1.0697095394134521,1.0988826751708984,0.9299972057342529,1.4657038450241089,1.6879823207855225,0.9660103917121887,1.9305976629257202,-0.1661510020494461,1.4165557622909546,nan,0.9096267190569745,0.8936170212765957,0.9765967820575329
56,0.0007795964517353736,0.027525192107294913,0.3233540931285731,0.9863724918161684,0.9631760644418872,0.7644802454929037,0.9897126548115193,0.8811763195096005,0.005753739930955121,0.08438818565400844,0.7758620689655172,0.7158119658119658,0.5666666666666667,0.35124167799949646,1.0037486553192139,1.0869200229644775,0.9433391094207764,0.9649415612220764,0.7553505897521973,1.3100839853286743,1.389614462852478,0.5826862454414368,1.9927464723587036,0.039874132722616196,1.6437057256698608,nan,0.9096267190569745,0.8297872340425532,0.9795221843003413
57,0.0007723195175075138,0.02714756170293631,0.36292998133192217,1.0587933862675662,0.9597238204833142,0.7713847334100499,0.9858195261642742,0.8808181877480772,0.008438818565400843,0.09359416954353664,0.7720306513409961,0.7649572649572649,0.569047619047619,0.4985014498233795,1.3814364671707153,1.1494395732879639,1.3447813987731934,1.4228272438049316,1.0636166334152222,1.173011064529419,1.4666953086853027,0.7258695960044861,1.8995929956436157,-0.13338780403137207,1.4779132604599,nan,0.9037328094302554,0.8723404255319149,0.9756216479765968
58,0.0007649596321166026,0.027566290474266265,0.34380809319718936,1.0826212585781592,0.9604909858074415,0.760644418872267,0.9915932269796303,0.8858994874788919,0.004602991944764097,0.07556578442654392,0.7911877394636015,0.7457264957264957,0.5619047619047619,0.5471488237380981,1.1974842548370361,1.1789255142211914,1.3988029956817627,1.1774473190307617,0.9584735631942749,1.4313629865646362,1.5410257577896118,0.8615028262138367,2.2227530479431152,-0.32472601532936096,1.565401315689087,nan,0.9174852652259332,0.8936170212765957,0.9726962457337884
59,0.0007575190374550273,0.026432104762503128,0.326112755846145,1.0289904303560842,0.9604909858074415,0.7733026467203682,0.9923635628902765,0.8847354887758727,0.0034522439585730723,0.079018028385117,0.7739463601532567,0.7414529914529915,0.5714285714285714,0.4591311514377594,1.1265538930892944,1.077989935874939,1.2499172687530518,1.1194565296173096,0.8287020921707153,1.373167634010315,1.563378930091858,1.147018313407898,2.0349960327148438,-0.25581789016723633,1.5368508100509644,nan,0.9174852652259332,0.8936170212765957,0.9726962457337884
60,0.0007500000000000001,0.02433950458291469,0.3213324614146408,0.9492030640111264,0.9639432297660145,0.7721518987341772,0.9907586772243091,0.8968895037065138,0.005753739930955121,0.0728807057920982,0.7758620689655172,0.7670940170940171,0.5785714285714286,0.35028403997421265,0.9912821054458618,1.226441502571106,0.9829888343811035,0.9728977680206299,0.7987854480743408,1.3268426656723022,1.113086462020874,0.8464171290397644,2.0998342037200928,-0.3135102689266205,1.554120659828186,nan,0.9273084479371316,0.8936170212765957,0.9746465138956607
61,0.0007424048101231687,0.022591688856563923,0.3006638288497925,0.9438375842368831,0.9700805523590333,0.7541235136171845,0.992422686233162,0.8789876658632094,0.006137322593018795,0.09090909090909091,0.7911877394636015,0.7606837606837606,0.5785714285714286,0.3691270351409912,1.0691167116165161,1.4065850973129272,1.1857292652130127,0.9636651873588562,0.7955096960067749,1.0697920322418213,1.3177132606506348,0.9487029314041138,2.1223437786102295,0.3703135550022125,1.5086208581924438,nan,0.9351669941060904,0.8936170212765957,0.9804973183812774
62,0.0007347357813929455,0.025299379344182436,0.36273135974757464,1.915038864040046,0.9574223245109321,0.7648638281549673,0.9897776061753709,0.8963139956848132,0.006137322593018795,0.06635980053701572,0.7873563218390804,0.6816239316239316,0.5761904761904761,0.8702945709228516,2.1906092166900635,2.749748706817627,1.7236659526824951,2.214172601699829,1.6594862937927246,2.1721673011779785,2.4547269344329834,2.6642298698425293,3.6492183208465576,1.25105881690979,2.677459239959717,nan,0.888015717092338,0.851063829787234,0.977084349098001
63,0.0007269952498697734,0.025671342990290218,0.29534650844635063,0.9553873391252403,0.9666283084004603,0.7752205600306866,0.9917455981628724,0.8935076347530593,0.0034522439585730723,0.08016877637130802,0.7567049808429118,0.7393162393162394,0.611904761904762,0.47967711091041565,1.2044861316680908,1.7482357025146484,1.0403419733047485,1.1455250978469849,1.1039855480194092,1.1285990476608276,1.7110496759414673,0.8762214183807373,2.0659358501434326,0.24422644078731537,1.5475783348083496,nan,0.9194499017681729,0.8936170212765957,0.9800097513408094
64,0.0007191855733945388,0.023174622333150083,0.3209942604419048,0.9897500600304462,0.9654775604142692,0.7736862293824319,0.9898894165897094,0.8907403825600272,0.004986574606827772,0.07671653241273495,0.8045977011494253,0.7542735042735043,0.5833333333333334,0.34700459241867065,1.109283208847046,1.540544867515564,1.036516547203064,1.0321383476257324,0.8279851675033569,1.2298130989074707,1.5006392002105713,0.9106343388557434,2.2780306339263916,0.35463520884513855,1.6431230306625366,nan,0.9332023575638507,0.8297872340425532,0.9765967820575329
65,0.0007113091308703499,0.024223432011610042,0.3022658583884226,0.8683864677528341,0.9608745684695051,0.7748369773686229,0.9912612949738111,0.8943629984771564,0.004986574606827772,0.0759493670886076,0.7394636015325671,0.7393162393162394,0.6095238095238096,0.366038054227829,0.958520770072937,1.3066128492355347,0.923599898815155,0.9449329376220703,1.014044165611267,0.9448499083518982,1.0126798152923584,0.7975907921791077,2.093906879425049,0.16972661018371582,1.301522970199585,nan,0.925343811394892,0.8936170212765957,0.9712335446123842
66,0.0007033683215379002,0.022617751824878275,0.272488585618615,0.9996510734629096,0.9647103950901419,0.7545070962792482,0.9901910351171079,0.8924642873394365,0.00652090525508247,0.08016877637130802,0.7911877394636015,0.7841880341880342,0.5452380952380952,0.43516549468040466,1.0717538595199585,1.2754559516906738,1.1509461402893066,1.0480318069458008,0.6947059631347656,1.3995859622955322,1.6299901008605957,0.8160322904586792,2.1855413913726807,-0.018251415342092514,1.642781138420105,nan,0.9508840864440079,0.8936170212765957,0.96977084349098
67,0.0006953655642446371,0.02252316558836373,0.3998810925335549,1.0215147037668686,0.9578059071729957,0.7686996547756041,0.9928219940305351,0.8954045840739356,0.0034522439585730723,0.0698120444955888,0.7605363984674329,0.7478632478632479,0.6,0.31680044531822205,0.9629379510879517,1.8523402214050293,1.105593204498291,0.9325447082519531,0.668903648853302,1.069176435470581,1.1582486629486084,0.5568337440490723,1.9431575536727905,0.12563295662403107,1.89393150806427,nan,0.9135559921414538,0.8936170212765957,0.9702584105314481
68,0.0006873032967079561,0.021154168688221658,0.3337322041180841,1.3395886915853248,0.9608745684695051,0.7775220560030687,0.9920051801910758,0.8900834026809508,0.005370157268891446,0.079018028385117,0.7547892720306514,0.75,0.580952380952381,0.6382092237472534,1.5720820426940918,2.58349871635437,1.5497660636901855,1.5164642333984375,1.054667353630066,2.246511459350586,1.7216912508010864,1.3273038864135742,2.7291181087493896,-0.5579127669334412,1.9053250551223755,nan,0.9155206286836935,0.8936170212765957,0.9736713798147245
69,0.0006791839747726503,0.01973772603469284,0.4395153923742516,1.068099479608235,0.9558879938626774,0.7499041043344841,0.993942262991752,0.8941843685479172,0.0034522439585730723,0.06904487917146145,0.8409961685823755,0.7200854700854701,0.580952380952381,0.3485241234302521,0.912777304649353,1.5497028827667236,0.9540019035339355,0.8704883456230164,0.9314063787460327,1.1022233963012695,1.1395626068115234,0.48550280928611755,2.019127130508423,-0.03826604038476944,1.4835383892059326,nan,0.9056974459724951,0.851063829787234,0.9707459775719162
70,0.0006710100716628345,0.022799667606844484,0.388830186274027,1.0707419169594685,0.9585730724971231,0.7840429612581511,0.9934875781508102,0.9007229965321193,0.0030686612965093976,0.0713463751438435,0.7758620689655172,0.7564102564102564,0.5714285714285714,0.3466395437717438,1.2079373598098755,1.073541283607483,1.1487773656845093,1.2674986124038696,1.0874731540679932,1.9344059228897095,1.3093008995056152,0.5437034964561462,1.9503782987594604,0.0261126309633255,1.5390852689743042,nan,0.9076620825147348,0.8936170212765957,0.9726962457337884
71,0.0006627840772285784,0.020778549544626396,0.3454939598867067,1.0100251994670735,0.9670118910625239,0.7828922132719601,0.9913119016572636,0.9026976612531886,0.004986574606827772,0.06367472190257001,0.7854406130268199,0.7564102564102564,0.6071428571428571,0.5029357075691223,1.2194805145263672,1.7711470127105713,1.1278717517852783,1.1880911588668823,1.066929578781128,1.5364928245544434,1.3759911060333252,0.7755776643753052,2.1478683948516846,-0.12611067295074463,1.7055995464324951,nan,0.9194499017681729,0.8936170212765957,0.9804973183812774
72,0.0006545084971874737,0.019982668929312504,0.3760929532009018,0.9597087645854204,0.9608745684695051,0.7882623705408516,0.9937396151420338,0.9088473747217061,0.004219409282700422,0.06252397391637898,0.7471264367816092,0.7521367521367521,0.6023809523809524,0.3978385031223297,0.9561898112297058,1.1959933042526245,0.8826158046722412,0.9233556985855103,1.0672553777694702,1.1258670091629028,1.160395860671997,0.6670173406600952,2.022773265838623,0.2121395617723465,1.3105393648147583,nan,0.931237721021611,0.8936170212765957,0.96977084349098
73,0.0006461858523613684,0.018651566732686642,0.3556565306494873,1.2080003826351633,0.9647103950901419,0.7805907172995781,0.9922017842273784,0.9004528706185808,0.0038358266206367474,0.06405830456463368,0.8065134099616859,0.7478632478632479,0.6,0.5580918192863464,1.415362000465393,1.9522032737731934,1.1648225784301758,1.3765931129455566,1.36330246925354,1.4181026220321655,1.7213472127914429,1.3248467445373535,2.569607734680176,0.6690824627876282,1.914597511291504,nan,0.9155206286836935,0.8723404255319149,0.9790346172598733
74,0.0006378186779084996,0.01844310757485573,0.3314798995366625,0.9211646632167441,0.9639432297660145,0.7986191024165707,0.9905512701904873,0.9053006381408449,0.006904487917146145,0.05638665132336018,0.7835249042145593,0.7692307692307693,0.6238095238095238,0.3809436857700348,1.080444574356079,1.191554069519043,1.0796613693237305,1.006643295288086,0.9676518440246582,1.3317216634750366,1.2797597646713257,0.9515021443367004,2.122439384460449,0.2767091989517212,1.725809097290039,nan,0.9273084479371316,0.8936170212765957,0.9746465138956607
75,0.0006294095225512604,0.020310921702481447,0.3177980660569133,0.8915446879664918,0.9635596471039509,0.7859608745684695,0.9903834899848516,0.9101735376418073,0.005370157268891446,0.06060606060606061,0.7969348659003831,0.7863247863247863,0.5785714285714286,0.300935834646225,0.8378759026527405,0.8689972162246704,0.9280728101730347,0.8092801570892334,0.8068639039993286,1.082352638244629,1.056999683380127,0.6335504055023193,1.9097775220870972,5.566301751969149e-06,1.4565106630325317,nan,0.9017681728880157,0.8936170212765957,0.9804973183812774
76,0.000620960947799834,0.017164460505381163,0.39109015404194947,1.004504179241198,0.9627924817798236,0.7771384733410049,0.9930703377498518,0.9129762277868869,0.0030686612965093976,0.05830456463367856,0.7758620689655172,0.7435897435897436,0.6047619047619047,0.3510487973690033,1.030064582824707,1.097147822380066,0.882526159286499,1.0210344791412354,1.1120558977127075,1.4098260402679443,1.1249828338623047,0.7561363577842712,2.0725014209747314,0.2258080393075943,1.495029330253601,nan,0.8919449901768173,0.8936170212765957,0.9819600195026816
77,0.0006124755271719325,0.016078213243412978,0.35162694322957727,0.9995177136585133,0.9635596471039509,0.7928653624856157,0.9913915802646616,0.9113280845384426,0.005370157268891446,0.05561948599923283,0.7605363984674329,0.7222222222222222,0.638095238095238,0.4262728691101074,1.164277195930481,1.4663474559783936,1.0366642475128174,1.1627123355865479,1.0643305778503418,1.225176215171814,1.4912946224212646,1.0829408168792725,2.321399450302124,0.5198023915290833,2.009807825088501,nan,0.9096267190569745,0.8936170212765957,0.9785470502194051
78,0.0006039558454088798,0.021610635208091557,0.36166026841921967,1.3328552230438846,0.9616417337936325,0.7920981971614883,0.9917811876359033,0.9109100592716894,0.006904487917146145,0.06022247794399693,0.7624521072796935,0.7264957264957265,0.6285714285714286,0.610281765460968,1.6708016395568848,2.017941951751709,1.185962438583374,1.6429617404937744,1.3150066137313843,2.617949962615967,1.6116154193878174,1.2477450370788574,2.516646146774292,0.6954343318939209,2.9690351486206055,nan,0.9233791748526523,0.8723404255319149,0.9731838127742565
79,0.0005954044976882725,0.016897224437772296,0.3547932238106898,0.9695409165003209,0.9624088991177598,0.7825086306098964,0.9936013049393395,0.9140716499997861,0.0015343306482546988,0.04948216340621404,0.7662835249042146,0.7521367521367521,0.5880952380952381,0.33707016706466675,0.9406388998031616,1.2396135330200195,1.127061128616333,0.8641793727874756,1.0092216730117798,1.0930500030517578,1.5010794401168823,0.7416565418243408,1.9949591159820557,-0.13687601685523987,1.3689199686050415,nan,0.9135559921414538,0.8936170212765957,0.9761092150170648
80,0.0005868240888334653,0.014166981458733961,0.3583855164613493,1.2029267820159952,0.9639432297660145,0.781741465285769,0.9918743155039993,0.9089978127322024,0.006137322593018795,0.06751054852320675,0.7739463601532567,0.7393162393162394,0.6047619047619047,0.4751961827278137,1.3286757469177246,2.50545334815979,0.7517002820968628,1.2423350811004639,1.389159917831421,1.1120887994766235,2.2340502738952637,1.0471378564834595,2.2370715141296387,0.5429674983024597,2.2782998085021973,nan,0.9017681728880157,0.8936170212765957,0.9809848854217454
81,0.0005782172325201156,0.019244343731985913,0.2645873693291328,0.8394087852935952,0.9754507096279248,0.7825086306098964,0.9935123898903784,0.9101969039465264,0.0038358266206367474,0.05485232067510549,0.7796934865900383,0.717948717948718,0.5952380952380952,0.31418588757514954,0.8034086227416992,1.3154855966567993,0.9840602874755859,0.746525228023529,0.9898325204849243,0.8478718996047974,1.2624589204788208,0.5442401766777039,1.8146790266036987,0.06038758158683777,1.6187011003494263,nan,0.9548133595284872,0.8936170212765957,0.9824475865431497
82,0.0005695865504800329,0.01585479907478977,0.32340476638199867,1.54185657100534,0.9746835443037974,0.7905638665132336,0.9918434715780202,0.915143581288492,0.006137322593018795,0.05715381664748753,0.7586206896551724,0.7264957264957265,0.6095238095238096,0.8487844467163086,1.9748305082321167,2.0374772548675537,1.3925243616104126,2.008526086807251,1.645963191986084,2.497415065765381,2.0977671146392822,1.7024691104888916,3.0666799545288086,1.0476716756820679,2.8144371509552,nan,0.9214145383104125,0.8936170212765957,0.9897610921501706
83,0.0005609346717025738,0.014637373897898667,0.3750914562855089,0.9797267025530726,0.9627924817798236,0.7878787878787878,0.9934591087638581,0.9152765829785082,0.0034522439585730723,0.05830456463367856,0.7816091954022989,0.7841880341880342,0.5904761904761905,0.28912627696990967,0.8761643171310425,1.4307764768600464,0.8939120769500732,0.8187874555587769,1.0405714511871338,1.0158283710479736,1.698755145072937,0.6095344424247742,1.8845884799957275,0.11950317025184631,1.3623521327972412,nan,0.9273084479371316,0.8936170212765957,0.9731838127742565
84,0.0005522642316338268,0.01777290261703011,0.3576039076994606,0.9116075932458207,0.9670118910625239,0.8013041810510165,0.9926638493952503,0.9151987749017683,0.004986574606827772,0.04756425009589567,0.7624521072796935,0.7585470085470085,0.6333333333333333,0.3573122024536133,0.9532092809677124,1.1233786344528198,1.1325976848602295,0.8973273634910583,0.9278295040130615,1.0341895818710327,1.5369564294815063,0.6004646420478821,1.9967142343521118,0.0007052429718896747,1.3448222875595093,nan,0.925343811394892,0.8723404255319149,0.9795221843003413
85,0.0005435778713738292,0.015704756867050564,0.3630570576343675,1.0045901179033152,0.9650939777522056,0.7836593785960875,0.9917230103142608,0.9151153741638314,0.0038358266206367474,0.04948216340621404,0.7950191570881227,0.7564102564102564,0.6023809523809524,0.3244165778160095,1.0328993797302246,1.0937528610229492,0.7860586643218994,1.0351686477661133,0.7809785008430481,1.4707906246185303,1.4349063634872437,0.9807260632514954,2.084630012512207,0.34151315689086914,1.8936680555343628,nan,0.9174852652259332,0.8936170212765957,0.9785470502194051
86,0.0005348782368720628,0.01611098225574821,0.34690405386684037,1.6858594831435403,0.965861143076333,0.793632527809743,0.9927202173594792,0.9107230251438617,0.004219409282700422,0.06789413118527042,0.8199233716475096,0.7435897435897436,0.6261904761904762,0.6597567200660706,2.3391919136047363,2.91483998298645,1.296255350112915,2.326082944869995,1.2140295505523682,3.675624370574951,2.194676637649536,1.8702951669692993,2.786681652069092,0.6873723864555359,3.499755859375,nan,0.9155206286836935,0.8936170212765957,0.9800097513408094
87,0.0005261679781214721,0.015107667049589072,0.3570804030651968,0.9507440028885275,0.9647103950901419,0.792481779823552,0.9941889780522816,0.9113206196856248,0.0038358266206367474,0.05907172995780591,0.7931034482758621,0.7670940170940171,0.611904761904762,0.286232054233551,0.8313957452774048,1.358874797821045,1.0888006687164307,0.7272087335586548,0.5977175235748291,0.8619279861450195,1.6952487230300903,0.5077661871910095,1.9501945972442627,0.06291133910417557,1.6438679695129395,nan,0.9056974459724951,0.8936170212765957,0.9809848854217454
88,0.0005174497483512507,0.015285286995603756,0.3292228446685358,0.9634044947876517,0.9670118910625239,0.7863444572305331,0.9938307451658008,0.9120381708643326,0.004219409282700422,0.06444188722669736,0.8160919540229885,0.7799145299145299,0.6,0.3801101744174957,1.0673049688339233,1.545709252357483,0.9773317575454712,0.9941521883010864,0.861196756362915,1.4475756883621216,1.177079200744629,0.9657650589942932,2.3185338973999023,0.33453208208084106,1.6868358850479126,nan,0.9273084479371316,0.8936170212765957,0.9785470502194051
89,0.0005087262032186418,0.013099603062028859,0.3132193508987734,0.8465660514089447,0.9685462217107786,0.7855772919064058,0.9924346671677359,0.9205762380377139,0.004602991944764097,0.04833141542002301,0.7873563218390804,0.7307692307692307,0.6238095238095238,0.31308576464653015,0.9066463708877563,1.3191280364990234,1.0890932083129883,0.8681923151016235,0.9895445108413696,0.9169459939002991,1.082817554473877,0.7126044631004333,2.060180187225342,0.14225582778453827,1.2872625589370728,nan,0.9273084479371316,0.8936170212765957,0.9804973183812774
90,0.0005000000000000001,0.012727983432394788,0.4128473723556605,0.9700297154944666,0.9624088991177598,0.7978519370924434,0.9934805684226832,0.9184494908209272,0.0019179133103183737,0.05485232067510549,0.789272030651341,0.7564102564102564,0.6285714285714286,0.3511117100715637,0.9528263807296753,1.1478561162948608,0.9254124760627747,0.9307926893234253,1.035730242729187,1.0988672971725464,1.2999465465545654,0.6383917927742004,1.990128993988037,0.18586593866348267,1.584778070449829,nan,0.9174852652259332,0.8936170212765957,0.9751340809361287
91,0.0004912737967813583,0.012859430504223321,0.40516970710458083,0.9544150849394742,0.9647103950901419,0.7943996931338704,0.9938572580857223,0.9220771619514956,0.0023014959723820483,0.04296125815113157,0.7796934865900383,0.7393162393162394,0.6214285714285714,0.3480056822299957,0.9300065636634827,1.2843670845031738,0.8510308265686035,0.848389744758606,1.1114529371261597,1.071122169494629,1.3015823364257812,0.6164319515228271,1.9193428754806519,0.1360645443201065,1.3042943477630615,nan,0.9214145383104125,0.8936170212765957,0.977084349098001
92,0.00048255025164874974,0.012362644725250503,0.3997350943285156,1.0741157972232858,0.9639432297660145,0.7932489451476793,0.9929190784956073,0.9217883806119979,0.0034522439585730723,0.05408515535097814,0.7931034482758621,0.7542735042735043,0.6404761904761904,0.4250034689903259,1.1384875774383545,1.6979225873947144,0.8762435913085938,1.1078743934631348,0.9300589561462402,1.1608504056930542,1.6319230794906616,1.090053677558899,2.392472505569458,0.549223780632019,2.1483750343322754,nan,0.9174852652259332,0.8723404255319149,0.977571916138469
93,0.00047383202187852827,0.012162196129249453,0.40650269708095677,1.0201489043876593,0.9631760644418872,0.7894131185270425,0.9930809409749612,0.9180735009006192,0.0038358266206367474,0.05677023398542386,0.8026819923371648,0.7393162393162394,0.6071428571428571,0.31007617712020874,0.9456197023391724,1.1835564374923706,0.7202553749084473,0.9213243722915649,0.8226065635681152,1.017429232597351,1.2905848026275635,0.7598034143447876,2.157331943511963,0.3311140239238739,1.886064887046814,nan,0.9076620825147348,0.8723404255319149,0.9790346172598733
94,0.00046512176312793745,0.016290983263944202,0.40584259677719786,1.1571545328419623,0.9597238204833142,0.7809742999616417,0.9910804610401602,0.9253422875920073,0.006137322593018795,0.05485232067510549,0.7988505747126436,0.7457264957264957,0.6047619047619047,0.3967601954936981,1.1202991008758545,1.7893974781036377,0.8865141272544861,1.0815868377685547,0.8593835234642029,1.5062589645385742,1.3520734310150146,0.9929043650627136,2.3835184574127197,0.4621855318546295,1.94381844997406,nan,0.8762278978388998,0.8936170212765957,0.9819600195026816
95,0.00045642212862617097,0.011839353375942078,0.3643551329954584,0.9168131934303096,0.9643268124280783,0.7871116225546605,0.9926355446891465,0.9214783223504595,0.0034522439585730723,0.05561948599923283,0.7931034482758621,0.7670940170940171,0.6214285714285714,0.3131142556667328,0.7953314781188965,1.3199406862258911,0.8422660231590271,0.763697624206543,0.7989482879638672,0.7817842364311218,1.3995692729949951,0.6285299062728882,1.912640929222107,-0.20200595259666443,1.327838659286499,nan,0.9194499017681729,0.8936170212765957,0.977084349098001
96,0.00044773576836617347,0.011371863943434793,0.34635912426641996,0.9165636301431079,0.9616417337936325,0.7967011891062524,0.992619714400998,0.9212307442384747,0.0034522439585730723,0.05677023398542386,0.7873563218390804,0.7628205128205128,0.6238095238095238,0.35077908635139465,1.019168496131897,1.343029260635376,0.8628090620040894,0.9984132051467896,0.7870635986328125,0.988067090511322,1.2392544746398926,0.8558767437934875,2.1404261589050293,0.20729698240756989,1.5991814136505127,nan,0.9194499017681729,0.8936170212765957,0.9736713798147245
97,0.00043906532829742645,0.011082659070347974,0.3751201104354163,0.9983066000524494,0.9608745684695051,0.7882623705408516,0.9936529989133773,0.9252005226294218,0.002685078634445723,0.04027617951668585,0.8084291187739464,0.7350427350427351,0.6047619047619047,0.38258951902389526,1.0980216264724731,1.293803334236145,1.2559256553649902,1.0465950965881348,1.0269274711608887,1.0624593496322632,1.5672122240066528,0.9312171339988708,2.1071858406066895,0.08399728685617447,1.4998546838760376,nan,0.9076620825147348,0.8936170212765957,0.9756216479765968
98,0.0004304134495199674,0.015387514533045358,0.32962087548963404,0.9046857167051365,0.9673954737245877,0.8036056770233986,0.9923710638325185,0.9247690588464103,0.005370157268891446,0.04909858074415036,0.8218390804597702,0.7414529914529915,0.6357142857142857,0.3073040544986725,0.8326566219329834,1.3847365379333496,0.9627240896224976,0.7696109414100647,0.9626903533935547,0.9337448477745056,1.9105194807052612,0.4753122627735138,1.889284372329712,0.10396084189414978,1.512567162513733,nan,0.9155206286836935,0.8936170212765957,0.9819600195026816
99,0.00042178276747988454,0.013589034477191184,0.3398815403164782,0.9064557600523693,0.9639432297660145,0.794783275795934,0.9912718487307396,0.9227681325607372,0.0034522439585730723,0.06060606060606061,0.789272030651341,0.7478632478632479,0.6166666666666667,0.3029578626155853,0.921078622341156,1.2550222873687744,0.88758385181427,0.8584402799606323,0.9910928010940552,1.0974448919296265,1.3368126153945923,0.6699829697608948,2.0381953716278076,0.25895997881889343,1.3481279611587524,nan,0.9056974459724951,0.8936170212765957,0.9800097513408094
100,0.0004131759111665349,0.012580954700764568,0.38188685775717696,0.9398442082603043,0.9662447257383966,0.8009205983889528,0.9932746346089916,0.9188217977560157,0.004219409282700422,0.05370157268891446,0.7969348659003831,0.7777777777777778,0.611904761904762,0.29769831895828247,0.8381810784339905,1.2776328325271606,0.8079737424850464,0.7902297973632812,0.764605700969696,0.9545551538467407,1.2339322566986084,0.6421900987625122,2.0592422485351562,0.24576807022094727,1.4514288902282715,nan,0.9174852652259332,0.8936170212765957,0.9800097513408094
101,0.00040459550231172764,0.01002655755400775,0.32439172095295843,0.8578479456081269,0.969313387034906,0.7897967011891063,0.9933341354740285,0.9236129697106379,0.0023014959723820483,0.04756425009589567,0.7873563218390804,0.7478632478632479,0.611904761904762,0.29965826869010925,0.854106605052948,0.9200589060783386,0.8869614601135254,0.8154581189155579,0.7137056589126587,1.1338310241699219,1.1081440448760986,0.4803757965564728,1.9451663494110107,0.06421741843223572,1.2701269388198853,nan,0.9430255402750491,0.8936170212765957,0.977571916138469
102,0.00039604415459112047,0.012759108737326035,0.38640451889683747,0.9455969753346466,0.9593402378212504,0.794783275795934,0.9934246950178232,0.9268841984701224,0.002685078634445723,0.04909858074415036,0.7969348659003831,0.7692307692307693,0.6309523809523809,0.3426348865032196,0.8641155362129211,1.653744101524353,0.9544121623039246,0.8282743096351624,0.9258504509925842,0.9700831770896912,1.373991847038269,0.4553568363189697,1.870389461517334,-0.11323866248130798,1.5488189458847046,nan,0.925343811394892,0.8936170212765957,0.9692832764505119
103,0.0003875244728280676,0.012035359255704915,0.3914058268138811,0.9247643325312611,0.9589566551591868,0.7974683544303798,0.9932102433733374,0.9299287371090238,0.004602991944764097,0.04219409282700422,0.8045977011494253,0.7841880341880342,0.6261904761904762,0.25300243496894836,0.7271252274513245,1.0171864032745361,0.9242432117462158,0.6613810062408447,0.6914129853248596,0.7697537541389465,1.3264575004577637,0.6106487512588501,1.9476202726364136,0.09896756708621979,1.410536527633667,nan,0.9037328094302554,0.8936170212765957,0.9741589468551926
104,0.00037903905220016613,0.01069684553581624,0.3866893584169462,0.9837202113984064,0.9612581511315689,0.7955504411200613,0.9938030007104169,0.9305882495032504,0.0034522439585730723,0.04986574606827771,0.8122605363984674,0.7735042735042735,0.6166666666666667,0.2989485561847687,0.9341524839401245,1.7778979539871216,0.8322786092758179,0.8316081762313843,0.7982586622238159,1.0316082239151,1.5268806219100952,0.5218318104743958,1.8336584568023682,0.19225631654262543,1.7829482555389404,nan,0.9351669941060904,0.8936170212765957,0.9692832764505119
105,0.00037059047744873963,0.009819595487394459,0.36852423871299705,0.8839300684570559,0.9601074031453778,0.793632527809743,0.9924925597002514,0.9312306280043694,0.005370157268891446,0.046413502109704644,0.7854406130268199,0.7649572649572649,0.6190476190476191,0.26549118757247925,0.7499292492866516,0.8773365616798401,0.8632884621620178,0.6880876421928406,0.6588082313537598,0.8472452163696289,1.0865412950515747,0.4660811126232147,1.7895468473434448,0.07672581821680069,1.3609081506729126,nan,0.9155206286836935,0.8936170212765957,0.9726962457337884
106,0.0003621813220915005,0.009420901305968237,0.3556125721668072,0.9317843729452824,0.9643268124280783,0.8009205983889528,0.9935296979975532,0.9254025445006027,0.0023014959723820483,0.05600306866129651,0.7911877394636015,0.7777777777777778,0.6238095238095238,0.3114866316318512,0.8731870055198669,0.9957221746444702,0.958396315574646,0.8491817712783813,0.6780601739883423,0.9539631009101868,1.3380100727081299,0.7858439683914185,2.1491405963897705,0.2767591178417206,1.7523146867752075,nan,0.9056974459724951,0.8936170212765957,0.9804973183812774
107,0.0003538141476386317,0.010063865379326646,0.46006432060176583,1.116044244781117,0.956271576524741,0.793632527809743,0.9909468260213089,0.9348830804346369,0.008822401227464518,0.04142692750287687,0.8122605363984674,0.7371794871794872,0.6214285714285714,0.42356568574905396,1.0235439538955688,1.7170990705490112,1.1772212982177734,0.9326084852218628,0.8854665160179138,1.0318464040756226,1.5882617235183716,0.7849571704864502,1.9689267873764038,-0.26294440031051636,1.6532152891159058,nan,0.888015717092338,0.8936170212765957,0.9746465138956607
108,0.0003454915028125264,0.00946173321540392,0.4101268178574372,0.9055262842560804,0.9647103950901419,0.8120444955887994,0.9931489579172531,0.9342013389164491,0.004219409282700422,0.04487917146144994,0.789272030651341,0.7777777777777778,0.6285714285714286,0.30074575543403625,0.8970379829406738,1.311713457107544,0.757561445236206,0.8311985731124878,0.68608158826828,1.2188386917114258,0.9158844947814941,0.5936549305915833,1.8074235916137695,0.011231482960283756,1.4450660943984985,nan,0.9273084479371316,0.8936170212765957,0.9756216479765968
109,0.0003372159227714218,0.009365924726957936,0.37895589988031375,0.9011355349124193,0.9601074031453778,0.8005370157268892,0.991954824508074,0.9317105557717822,0.005753739930955121,0.04142692750287687,0.8065134099616859,0.7756410256410257,0.6214285714285714,0.28078600764274597,0.7358437180519104,0.9899191856384277,0.9801110029220581,0.7074544429779053,0.8507290482521057,0.7592442035675049,1.198581576347351,0.3912367820739746,1.823487639427185,-0.04500674083828926,1.3660517930984497,nan,0.9076620825147348,0.8936170212765957,0.9746465138956607
110,0.00032898992833716573,0.009276112592340967,0.3962102606692532,0.9205650831697401,0.9627924817798236,0.8181818181818182,0.9940392143277053,0.9325551070399073,0.0030686612965093976,0.04142692750287687,0.7969348659003831,0.7521367521367521,0.6571428571428571,0.41533178091049194,1.0163594484329224,1.1190592050552368,1.173506736755371,0.9976312518119812,0.8887510299682617,1.0302435159683228,1.2708820104599,0.7050090432167053,1.978933572769165,-0.25240975618362427,1.499009132385254,nan,0.9155206286836935,0.8936170212765957,0.9761092150170648
111,0.0003208160252273499,0.00836592011890838,0.38062846068454326,0.9397329683020667,0.9650939777522056,0.8062907556578442,0.9942215458298254,0.9317530791740948,0.0030686612965093976,0.04909858074415036,0.7969348659003831,0.7606837606837606,0.6333333333333333,0.3079761862754822,0.8404422402381897,1.1596474647521973,0.7555068135261536,0.763045072555542,0.7883228659629822,0.8670207262039185,1.493202567100525,0.5004724264144897,2.0859827995300293,0.13954278826713562,1.588775873184204,nan,0.9174852652259332,0.8936170212765957,0.9785470502194051
112,0.000312696703292044,0.009377680201689581,0.3613225063762767,0.8683952870720693,0.9662447257383966,0.806674338319908,0.992580056877844,0.9323749043690772,0.004602991944764097,0.04602991944764097,0.8045977011494253,0.7649572649572649,0.6285714285714286,0.28440356254577637,0.77213054895401,0.9957521557807922,1.0258116722106934,0.7488009929656982,0.9018110036849976,0.9837004542350769,0.9999690651893616,0.6835548877716064,1.9232138395309448,0.1990644633769989,1.4841901063919067,nan,0.9214145383104125,0.8936170212765957,0.9790346172598733
113,0.00030463443575536324,0.011624859664281813,0.3369528106290534,0.8846187784217989,0.9685462217107786,0.8070579209819716,0.9929856593953882,0.9328791723855299,0.0030686612965093976,0.03720751822017645,0.7835249042145593,0.7670940170940171,0.6333333333333333,0.3310215473175049,0.8783934116363525,1.2244441509246826,0.8303520679473877,0.8027817606925964,0.7874794006347656,1.025809407234192,1.418137550354004,0.5835402011871338,2.0561411380767822,-0.005462304688990116,1.5428563356399536,nan,0.9410609037328095,0.8936170212765957,0.977084349098001
114,0.0002966316784620999,0.008751242138868142,0.37223774635979257,0.9137577532018174,0.9639432297660145,0.7963176064441887,0.9904952347817194,0.9348489357614215,0.00805523590333717,0.038358266206367474,0.7854406130268199,0.7628205128205128,0.6261904761904762,0.35568150877952576,1.083656907081604,1.497397541999817,1.24253511428833,1.0131547451019287,0.9821591377258301,1.3534177541732788,1.1756432056427002,0.5341610908508301,1.8886568546295166,0.047172944992780685,1.4134116172790527,nan,0.925343811394892,0.8936170212765957,0.9751340809361287
115,0.0002886908691296504,0.0076899935797006685,0.3787221325554974,0.9047016164814787,0.9639432297660145,0.8028385116992712,0.9923943766381254,0.9356129990110982,0.005370157268891446,0.03874184886843115,0.7969348659003831,0.7970085470085471,0.611904761904762,0.26612913608551025,0.794046938419342,1.3800355195999146,0.8467444777488708,0.7175158262252808,0.900033175945282,0.8571741580963135,1.058150053024292,0.6016265153884888,1.9413748979568481,0.180136576294899,1.479278564453125,nan,0.9115913555992141,0.8936170212765957,0.9785470502194051
116,0.0002808144266054613,0.00788085901769414,0.3780129104338252,0.8769429705788149,0.965861143076333,0.7963176064441887,0.9938691041263087,0.9308561532529975,0.002685078634445723,0.047180667433831994,0.8084291187739464,0.7585470085470085,0.6404761904761904,0.26419854164123535,0.7311229705810547,1.2372052669525146,0.8394788503646851,0.6573323607444763,0.8026989698410034,0.7012810707092285,1.1952245235443115,0.43455928564071655,1.8648470640182495,-0.04527344927191734,1.3795069456100464,nan,0.9115913555992141,0.8936170212765957,0.9809848854217454
