run_idx,segment_idx,ref_segment_idx,theta_true_deg,repeat_idx,variant_idx,v_ref,omega_ref,segment_duration,noise_variant,t0,t1,n_windows,theta_pred_median_deg,theta_pred_mean_deg,theta_pred_std_deg,error_median_deg,error_mean_deg,label_main_mode,conf_main_median
1,1,1,-10,1,1,0.9,0,5,clean,0,4.99,11,-10.0284824517055,-9.99923736684261,0.0829999772806798,-0.0284824517055213,0.000762633157394887,3,0.999981760978699
1,2,2,-9.9,1,1,0.9,0,5,clean,5,9.99,11,-10.0301421876738,-10.0295776104463,0.00239263166566394,-0.130142187673833,-0.129577610446303,3,0.999994397163391
1,3,3,-9.8,1,1,0.9,0,5,clean,10,14.99,11,-9.93251231745132,-9.93250486633586,8.43587907727261e-05,-0.132512317451317,-0.132504866335857,3,0.999993085861206
1,4,4,-9.7,1,1,0.9,0,5,clean,15,19.99,11,-9.81972967255513,-9.81962217469149,0.0004721155903324,-0.119729672555129,-0.119622174691488,3,0.999993801116943
1,5,5,-9.6,1,1,0.9,0,5,clean,20,24.99,11,-9.70348924439162,-9.70344616763038,0.00013661945118861,-0.10348924439162,-0.103446167630377,3,0.999994516372681
1,6,6,-9.5,1,1,0.9,0,5,clean,25,29.99,11,-9.58314899517881,-9.58312089826427,0.000240425889078533,-0.0831489951788118,-0.083120898264271,3,0.999995112419128
1,7,7,-9.4,1,1,0.9,0,5,clean,30,34.99,11,-9.46307512334363,-9.46295629357523,0.000293701563825419,-0.0630751233436335,-0.0629562935752315,3,0.999995946884155
1,8,8,-9.3,1,1,0.9,0,5,clean,35,39.99,11,-9.34327958171713,-9.34332320178888,0.000126074042753547,-0.0432795817171332,-0.0433232017888781,3,0.999996662139893
1,9,9,-9.2,1,1,0.9,0,5,clean,40,44.99,11,-9.22464431847589,-9.22474343383464,0.000513281367619963,-0.0246443184758913,-0.0247434338346419,3,0.999997138977051
1,10,10,-9.1,1,1,0.9,0,5,clean,45,49.99,11,-9.10889054129074,-9.10896489721375,0.000700840778964793,-0.00889054129074474,-0.0089648972137546,3,0.99999725818634
1,11,11,-9,1,1,0.9,0,5,clean,50,54.99,11,-8.99285416502869,-8.99295646263467,0.000875370486245339,0.00714583497130938,0.00704353736533214,3,0.999997496604919
1,12,12,-8.9,1,1,0.9,0,5,clean,55,59.99,11,-8.8752886801662,-8.87534316644799,0.000975682408653293,0.0247113198338003,0.0246568335520116,3,0.999997615814209
1,13,13,-8.8,1,1,0.9,0,5,clean,60,64.99,11,-8.75465387904543,-8.75468500297563,0.000903800794810827,0.0453461209545658,0.04531499702437,3,0.999997854232788
1,14,14,-8.7,1,1,0.9,0,5,clean,65,69.99,11,-8.63666236113346,-8.63678072520715,0.00101772785831036,0.0633376388665354,0.0632192747928499,3,0.999998092651367
1,15,15,-8.6,1,1,0.9,0,5,clean,70,74.99,11,-8.52576997109008,-8.52586287718595,0.00126293346946446,0.0742300289099234,0.0741371228140544,3,0.999998211860657
1,16,16,-8.5,1,1,0.9,0,5,clean,75,79.99,11,-8.4217316758788,-8.4218938152558,0.00179980152194187,0.0782683241212041,0.0781061847442022,3,0.999998450279236
1,17,17,-8.4,1,1,0.9,0,5,clean,80,84.99,11,-8.32338890466166,-8.32345371384299,0.00154386004616698,0.0766110953383414,0.0765462861570114,3,0.999998688697815
1,18,18,-8.3,1,1,0.9,0,5,clean,85,89.99,11,-8.22558144952072,-8.22570198683642,0.00156396063138323,0.0744185504792778,0.0742980131635846,3,0.999998927116394
1,19,19,-8.2,1,1,0.9,0,5,clean,90,94.99,11,-8.13252695226847,-8.13266790253589,0.00200915453866026,0.0674730477315304,0.0673320974641118,3,0.999998927116394
1,20,20,-8.1,1,1,0.9,0,5,clean,95,99.99,11,-8.03583281796224,-8.03592393889503,0.00223731657158459,0.064167182037755,0.0640760611049647,3,0.999998927116394
1,21,21,-8,1,1,0.9,0,5,clean,100,104.99,11,-7.93822514585453,-7.93836601850616,0.00208610717980169,0.0617748541454679,0.0616339814938378,3,0.999998807907104
1,22,22,-7.9,1,1,0.9,0,5,clean,105,109.99,11,-7.8432069692159,-7.84335676768293,0.00291569323705522,0.0567930307841005,0.0566432323170751,3,0.999998569488525
1,23,23,-7.8,1,1,0.9,0,5,clean,110,114.99,11,-7.74708827834725,-7.74730630109019,0.00296241646700195,0.0529117216527508,0.0526936989098115,3,0.999998450279236
1,24,24,-7.7,1,1,0.9,0,5,clean,115,119.99,11,-7.65494731889648,-7.6551238171939,0.00274665163205434,0.0450526811035159,0.0448761828061013,3,0.999998211860657
1,25,25,-7.6,1,1,0.9,0,5,clean,120,124.99,11,-7.56516106716208,-7.56536628330033,0.00235286039736187,0.0348389328379177,0.0346337166996733,3,0.999997735023499
1,26,26,-7.5,1,1,0.9,0,5,clean,125,129.99,11,-7.47728129197976,-7.47751460503254,0.0022161860596321,0.0227187080202409,0.0224853949674557,3,0.999997138977051
1,27,27,-7.4,1,1,0.9,0,5,clean,130,134.99,11,-7.38780069121071,-7.38791765820025,0.00180881871779552,0.0121993087892855,0.0120823417997489,3,0.999996423721313
1,28,28,-7.3,1,1,0.9,0,5,clean,135,139.99,11,-7.29746375547448,-7.29749053292066,0.00153033029450531,0.00253624452551993,0.0025094670793413,3,0.999995589256287
1,29,29,-7.2,1,1,0.9,0,5,clean,140,144.99,11,-7.20402420630777,-7.20413737012379,0.00151974296058286,-0.00402420630776579,-0.00413737012378856,3,0.999994516372681
1,30,30,-7.1,1,1,0.9,0,5,clean,145,149.99,11,-7.11310457005797,-7.11314710350871,0.00139766766018368,-0.0131045700579655,-0.0131471035087065,3,0.999992728233337
1,31,31,-7,1,1,0.9,0,5,clean,150,154.99,11,-7.02682903555695,-7.02687770065479,0.00124922040638388,-0.0268290355569487,-0.0268777006547856,3,0.999990463256836
1,32,32,-6.9,1,1,0.9,0,5,clean,155,159.99,11,-6.93757809989875,-6.93766013978457,0.0012416557093007,-0.0375780998987452,-0.0376601397845713,3,0.999987363815308
1,33,33,-6.8,1,1,0.9,0,5,clean,160,164.99,11,-6.84712974670168,-6.84723111291822,0.000860803309129317,-0.0471297467016756,-0.0472311129182224,3,0.999983191490173
1,34,34,-6.7,1,1,0.9,0,5,clean,165,169.99,11,-6.75500244762925,-6.75487919376105,0.000448046918282464,-0.0550024476292501,-0.0548791937610451,3,0.999976992607117
1,35,35,-6.6,1,1,0.9,0,5,clean,170,174.99,11,-6.66006025684514,-6.65998574569055,0.000675625141516942,-0.0600602568451354,-0.0599857456905522,3,0.999969720840454
1,36,36,-6.5,1,1,0.9,0,5,clean,175,179.99,11,-6.5608240115072,-6.56109621006878,0.00119999391347472,-0.0608240115071963,-0.0610962100687775,3,0.999963045120239
1,37,37,-6.4,1,1,0.9,0,5,clean,180,184.99,11,-6.46196086525267,-6.46223822526402,0.00134797056657067,-0.0619608652526695,-0.0622382252640223,3,0.999955654144287
1,38,38,-6.3,1,1,0.9,0,5,clean,185,189.99,11,-6.35861540735532,-6.35893297234384,0.00211181309598601,-0.0586154073553224,-0.0589329723438361,3,0.999951601028442
1,39,39,-6.2,1,1,0.9,0,5,clean,190,194.99,11,-6.2488649395638,-6.24930603007576,0.00156512844394998,-0.0488649395637957,-0.0493060300757637,3,0.999954342842102
1,40,40,-6.1,1,1,0.9,0,5,clean,195,199.99,11,-6.14088434454095,-6.14117222149131,0.00084449975432157,-0.0408843445409488,-0.0411722214913066,3,0.999958276748657
1,41,41,-6,1,1,0.9,0,5,clean,200,204.99,11,-6.03156631310125,-6.03174638172482,0.000768353634880579,-0.0315663131012478,-0.0317463817248216,3,0.999961972236633
1,42,42,-5.9,1,1,0.9,0,5,clean,205,209.99,11,-5.91772968463876,-5.91779352362277,0.000285135624787494,-0.0177296846387609,-0.0177935236227649,3,0.999964475631714
1,43,43,-5.8,1,1,0.9,0,5,clean,210,214.99,11,-5.80175563385288,-5.8018505191513,0.000262586068761195,-0.00175563385288413,-0.0018505191512963,3,0.999966263771057
1,44,44,-5.7,1,1,0.9,0,5,clean,215,219.99,11,-5.68117504735866,-5.68136287756083,0.000873551910551758,0.0188249526413449,0.0186371224391699,3,0.999965786933899
1,45,45,-5.6,1,1,0.9,0,5,clean,220,224.99,11,-5.56427038329836,-5.56425726623053,0.000284689288702161,0.0357296167016363,0.0357427337694745,3,0.999964952468872
1,46,46,-5.5,1,1,0.9,0,5,clean,225,229.99,11,-5.45239359224085,-5.45243802727834,0.000229895851400959,0.0476064077591527,0.0475619727216561,3,0.999965786933899
1,47,47,-5.4,1,1,0.9,0,5,clean,230,234.99,11,-5.34272465983254,-5.34262372050281,0.000391551957965939,0.0572753401674628,0.0573762794971859,3,0.999965786933899
1,48,48,-5.3,1,1,0.9,0,5,clean,235,239.99,11,-5.22930253847531,-5.22935108714946,0.000228212201686678,0.070697461524694,0.0706489128505376,3,0.999965906143188
1,49,49,-5.2,1,1,0.9,0,5,clean,240,244.99,11,-5.10958682468473,-5.10969044175907,0.000850501651524102,0.0904131753152697,0.0903095582409295,3,0.999968647956848
1,50,50,-5.1,1,1,0.9,0,5,clean,245,249.99,11,-4.99236797192262,-4.99239098500317,0.00128618944634589,0.107632028077382,0.107609014996827,3,0.999971985816956
1,51,51,-5,1,1,0.9,0,5,clean,250,254.99,11,-4.87448104128231,-4.87464182238306,0.000820557899951023,0.125518958717687,0.12535817761694,3,0.999975562095642
1,52,52,-4.9,1,1,0.9,0,5,clean,255,259.99,11,-4.75928136319359,-4.75956710570983,0.00166781752751999,0.140718636806415,0.140432894290171,3,0.999979496002197
1,53,53,-4.8,1,1,0.9,0,5,clean,260,264.99,11,-4.65849765312182,-4.65876383645998,0.00300127458236471,0.141502346878184,0.141236163540018,3,0.999983549118042
1,54,54,-4.7,1,1,0.9,0,5,clean,265,269.99,11,-4.56152091973868,-4.56166831211634,0.00391236337287963,0.138479080261318,0.13833168788366,3,0.999986529350281
1,55,55,-4.6,1,1,0.9,0,5,clean,270,274.99,11,-4.4618962073917,-4.46198538792984,0.00406119127925394,0.1381037926083,0.13801461207016,3,0.999989628791809
1,56,56,-4.5,1,1,0.9,0,5,clean,275,279.99,11,-4.35823357258477,-4.35815071773319,0.00368544746406377,0.14176642741523,0.14184928226681,3,0.999991536140442
1,57,57,-4.4,1,1,0.9,0,5,clean,280,284.99,11,-4.25965686738856,-4.25987795595505,0.00310813774487274,0.14034313261144,0.140122044044953,3,0.999993324279785
1,58,58,-4.3,1,1,0.9,0,5,clean,285,289.99,11,-4.16296828261104,-4.16321882636832,0.00250210288010354,0.137031717388963,0.136781173631681,3,0.999995112419128
1,59,59,-4.2,1,1,0.9,0,5,clean,290,294.99,11,-4.06551813174106,-4.0656872565388,0.00226948975269808,0.134481868258943,0.134312743461199,3,0.999996781349182
1,60,60,-4.1,1,1,0.9,0,5,clean,295,299.99,11,-3.9682844124904,-3.96827342985668,0.00147855995372776,0.131715587509598,0.13172657014332,3,0.999997973442078
1,61,61,-4,1,1,0.9,0,5,clean,300,304.99,11,-3.87215035369612,-3.87222610670328,0.00148092297547812,0.127849646303881,0.127773893296724,3,0.999998688697815
1,62,62,-3.9,1,1,0.9,0,5,clean,305,309.99,11,-3.77788691296077,-3.77788155747154,0.000974482245262997,0.122113087039227,0.122118442528463,3,0.999999165534973
1,63,63,-3.8,1,1,0.9,0,5,clean,310,314.99,11,-3.68530071055349,-3.6853167382133,0.00115965692987536,0.114699289446512,0.114683261786698,3,0.999999284744263
1,64,64,-3.7,1,1,0.9,0,5,clean,315,319.99,11,-3.59495182198621,-3.5950929274852,0.00175500093135229,0.105048178013794,0.104907072514804,3,0.999999523162842
1,65,65,-3.6,1,1,0.9,0,5,clean,320,324.99,11,-3.49608440686345,-3.49622815129916,0.00230933321891216,0.103915593136552,0.103771848700838,3,0.999999642372131
1,66,66,-3.5,1,1,0.9,0,5,clean,325,329.99,11,-3.39637623814254,-3.39654074480102,0.00248143807819569,0.103623761857456,0.103459255198981,3,0.999999761581421
1,67,67,-3.4,1,1,0.9,0,5,clean,330,334.99,11,-3.30404061830043,-3.30431454381326,0.00223680889481362,0.0959593816995659,0.0956854561867444,3,0.999999761581421
1,68,68,-3.3,1,1,0.9,0,5,clean,335,339.99,11,-3.22322219150285,-3.22307902918553,0.00196560456549881,0.0767778084971531,0.0769209708144727,3,0.999999761581421
1,69,69,-3.2,1,1,0.9,0,5,clean,340,344.99,11,-3.12694042986776,-3.12705638785208,0.000993180478823516,0.0730595701322381,0.0729436121479199,3,0.999999761581421
1,70,70,-3.1,1,1,0.9,0,5,clean,345,349.99,11,-3.02824334258743,-3.02845152752949,0.000756826673979666,0.0717566574125685,0.0715484724705089,3,0.999999642372131
1,71,71,-3,1,1,0.9,0,5,clean,350,354.99,11,-2.93158933564258,-2.93142558573802,0.000565535418061975,0.0684106643574189,0.0685744142619806,3,0.999999523162842
1,72,72,-2.9,1,1,0.9,0,5,clean,355,359.99,11,-2.826316056852,-2.82615772064851,0.000954811731086281,0.0736839431480023,0.0738422793514886,3,0.999998927116394
1,73,73,-2.8,1,1,0.9,0,5,clean,360,364.99,11,-2.71993116477399,-2.71966828010674,0.000666562650205037,0.0800688352260051,0.0803317198932647,3,0.999996781349182
1,74,74,-2.7,1,1,0.9,0,5,clean,365,369.99,11,-2.60778308714038,-2.60790149002196,0.000279805622870551,0.0922169128596182,0.0920985099780403,3,0.999988913536072
1,75,75,-2.6,1,1,0.9,0,5,clean,370,374.99,11,-2.49478849293651,-2.49501159951343,0.000807669542707184,0.10521150706349,0.104988400486567,3,0.999962091445923
1,76,76,-2.5,1,1,0.9,0,5,clean,375,379.99,11,-2.40391133192561,-2.40389103539757,0.000222396101660007,0.09608866807439,0.0961089646024349,3,0.999727427959442
1,77,77,-2.4,1,1,0.9,0,5,clean,380,384.99,11,-2.32655794547133,-2.32658555728721,0.000280042771076725,0.0734420545286651,0.0734144427127879,3,0.994053900241852
1,78,78,-2.3,1,1,0.9,0,5,clean,385,389.99,11,-2.24781632306825,-2.24771385082676,0.00183826750159314,0.0521836769317456,0.0522861491732423,3,0.741798222064972
1,79,79,-2.2,1,1,0.9,0,5,clean,390,394.99,11,-2.19446720956517,-2.1941660215075,0.00279993425447407,0.00553279043483457,0.00583397849249634,1,0.970611393451691
1,80,80,-2.1,1,1,0.9,0,5,clean,395,399.99,11,-2.16293692192227,-2.1624372508958,0.00396796224352421,-0.0629369219222711,-0.0624372508958024,1,0.999800622463226
1,81,81,-2,1,1,0.9,0,5,clean,400,404.99,11,-2.07417861365796,-2.07385421848027,0.00258490173270863,-0.0741786136579554,-0.0738542184802724,1,0.999992370605469
1,82,82,-1.9,1,1,0.9,0,5,clean,405,409.99,11,-1.94235041314801,-1.94238120721111,0.00194876826002158,-0.0423504131480086,-0.0423812072111132,1,0.99999725818634
1,83,83,-1.8,1,1,0.9,0,5,clean,410,414.99,11,-1.81502074598016,-1.81485350336523,0.0019811773479359,-0.0150207459801615,-0.0148535033652288,1,0.999997973442078
1,84,84,-1.7,1,1,0.9,0,5,clean,415,419.99,11,-1.69987731023038,-1.69965682318624,0.00214790254750821,0.000122689769619155,0.000343176813763613,1,0.999998211860657
1,85,85,-1.6,1,1,0.9,0,5,clean,420,424.99,11,-1.59477371895199,-1.59443419839801,0.00353751526337849,0.00522628104801015,0.00556580160199416,1,0.999998450279236
1,86,86,-1.5,1,1,0.9,0,5,clean,425,429.99,11,-1.48897536936896,-1.48884375239981,0.00146826651256246,0.0110246306310382,0.0111562476001865,1,0.999998569488525
1,87,87,-1.4,1,1,0.9,0,5,clean,430,434.99,11,-1.35982759122142,-1.35993332332593,0.000508922085512349,0.040172408778578,0.0400666766740685,1,0.999998450279236
1,88,88,-1.3,1,1,0.9,0,5,clean,435,439.99,11,-1.23209344878866,-1.23232755740325,0.00162930146352043,0.067906551211337,0.0676724425967454,1,0.999998092651367
1,89,89,-1.2,1,1,0.9,0,5,clean,440,444.99,11,-1.09970848113965,-1.09993619615387,0.00114367790466503,0.100291518860345,0.100063803846128,1,0.999997854232788
1,90,90,-1.1,1,1,0.9,0,5,clean,445,449.99,11,-0.97955659573755,-0.979677016629565,0.000290762766514283,0.12044340426245,0.120322983370435,1,0.999997973442078
1,91,91,-1,1,1,0.9,0,5,clean,450,454.99,11,-0.862914200269216,-0.862945586152689,0.00025737643655686,0.137085799730784,0.137054413847311,1,0.999997854232788
1,92,92,-0.9,1,1,0.9,0,5,clean,455,459.99,11,-0.743891964122809,-0.744096860095936,0.000751424936182424,0.156108035877191,0.155903139904064,1,0.999997973442078
1,93,93,-0.8,1,1,0.9,0,5,clean,460,464.99,11,-0.649180185501475,-0.649276336907397,0.000330604628925164,0.150819814498525,0.150723663092603,1,0.99999737739563
1,94,94,-0.7,1,1,0.9,0,5,clean,465,469.99,11,-0.571095435197479,-0.571375400188651,0.000697693620171789,0.128904564802521,0.128624599811349,1,0.999996185302734
1,95,95,-0.6,1,1,0.9,0,5,clean,470,474.99,11,-0.496057429510985,-0.496220733124778,0.000634145767166946,0.103942570489015,0.103779266875222,1,0.999994158744812
1,96,96,-0.5,1,1,0.9,0,5,clean,475,479.99,11,-0.427793317294705,-0.42764632269795,0.00149507751782363,0.0722066827052955,0.0723536773020495,1,0.999991059303284
1,97,97,-0.4,1,1,0.9,0,5,clean,480,484.99,11,-0.358693947648125,-0.359004726106347,0.00231849227633454,0.0413060523518748,0.0409952738936527,1,0.999986171722412
1,98,98,-0.3,1,1,0.9,0,5,clean,485,489.99,11,-0.291441023594124,-0.29121284288519,0.003404794976648,0.00855897640587644,0.00878715711481048,1,0.999978303909302
1,99,99,-0.2,1,1,0.9,0,5,clean,490,494.99,11,-0.224613598981073,-0.224342163237137,0.00319758005655294,-0.0246135989810725,-0.0243421632371373,1,0.999967455863953
1,100,100,-0.1,1,1,0.9,0,5,clean,495,499.99,11,-0.156034937877214,-0.155773164085892,0.00308674428303637,-0.056034937877214,-0.055773164085892,1,0.999951362609863
1,101,101,0,1,1,0.9,0,5,clean,500,504.99,11,-0.0815527921952828,-0.0814153006813299,0.00241051571459496,-0.0815527921952828,-0.0814153006813299,1,0.999929070472717
1,102,102,0.1,1,1,0.9,0,5,clean,505,509.99,11,-0.00425580816251296,-0.00402110772755305,0.00214834978207047,-0.104255808162513,-0.104021107727553,1,0.999898433685303
1,103,103,0.2,1,1,0.9,0,5,clean,510,514.99,11,0.0847805635062163,0.0846774169775785,0.00325241586762461,-0.115219436493784,-0.115322583022421,1,0.999858856201172
1,104,104,0.3,1,1,0.9,0,5,clean,515,519.99,11,0.18468365942273,0.18484961167522,0.00390711513015495,-0.11531634057727,-0.11515038832478,1,0.99982362985611
1,105,105,0.4,1,1,0.9,0,5,clean,520,524.99,11,0.290186349860104,0.290517405442425,0.00388984912355497,-0.109813650139896,-0.109482594557575,1,0.999807298183441
1,106,106,0.5,1,1,0.9,0,5,clean,525,529.99,11,0.405777269722226,0.405722409914468,0.0023342522047629,-0.0942227302777737,-0.094277590085532,1,0.999814331531525
1,107,107,0.6,1,1,0.9,0,5,clean,530,534.99,11,0.521669731764034,0.521753629577738,0.000225451349008025,-0.0783302682359659,-0.0782463704222617,1,0.999852657318115
1,108,108,0.7,1,1,0.9,0,5,clean,535,539.99,11,0.626602354869763,0.626607045773831,0.000143955744420974,-0.0733976451302368,-0.0733929542261691,1,0.999889254570007
1,109,109,0.8,1,1,0.9,0,5,clean,540,544.99,11,0.724457888139154,0.724211753928716,0.00151815931673075,-0.075542111860846,-0.0757882460712844,1,0.999911308288574
1,110,110,0.9,1,1,0.9,0,5,clean,545,549.99,11,0.818716793202004,0.818251782474981,0.00654100085439172,-0.0812832067979957,-0.0817482175250187,1,0.999937176704407
1,111,111,1,1,1,0.9,0,5,clean,550,554.99,11,0.930206878158622,0.929703481574424,0.00661261185484512,-0.0697931218413784,-0.0702965184255763,1,0.999963998794556
1,112,112,1.1,1,1,0.9,0,5,clean,555,559.99,11,1.03668216352142,1.03638986247126,0.00746099051728904,-0.0633178364785787,-0.0636101375287408,1,0.999982953071594
1,113,113,1.2,1,1,0.9,0,5,clean,560,564.99,11,1.13946775935024,1.13888397221567,0.0069575531279814,-0.0605322406497606,-0.0611160277843317,1,0.999993920326233
1,114,114,1.3,1,1,0.9,0,5,clean,565,569.99,11,1.21758249845356,1.21737222758725,0.00468282526186328,-0.0824175015464406,-0.0826277724127498,1,0.999997973442078
1,115,115,1.4,1,1,0.9,0,5,clean,570,574.99,11,1.30099959878693,1.30069198802297,0.00268473795185094,-0.0990004012130747,-0.0993080119770298,1,0.999999165534973
1,116,116,1.5,1,1,0.9,0,5,clean,575,579.99,11,1.38686884375403,1.386375905897,0.00126494640018758,-0.113131156245969,-0.113624094103,1,0.999999284744263
1,117,117,1.6,1,1,0.9,0,5,clean,580,584.99,11,1.47605009013836,1.47596259774356,0.000411722229654706,-0.123949909861641,-0.124037402256435,1,0.999996066093445
1,118,118,1.7,1,1,0.9,0,5,clean,585,589.99,11,1.56089448656485,1.56108371385117,0.000954954556694772,-0.139105513435154,-0.138916286148831,1,0.999831557273865
1,119,119,1.8,1,1,0.9,0,5,clean,590,594.99,11,1.67281588729538,1.67287432228028,0.00093752655116199,-0.127184112704621,-0.127125677719719,1,0.985420286655426
1,120,120,1.9,1,1,0.9,0,5,clean,595,599.99,11,1.78380998312438,1.78398714115597,0.00194196691544576,-0.116190016875623,-0.116012858844026,1,0.673066079616547
1,121,121,2,1,1,0.9,0,5,clean,600,604.99,11,1.89455829886496,1.8946311218762,0.000624649332109835,-0.10544170113504,-0.105368878123804,3,0.893438577651978
1,122,122,2.1,1,1,0.9,0,5,clean,605,609.99,11,2.01491284878634,2.01489189252412,0.0014987793882736,-0.0850871512136568,-0.0851081074758828,3,0.989051640033722
1,123,123,2.2,1,1,0.9,0,5,clean,610,614.99,11,2.15225664049449,2.15189539722239,0.00168657722299094,-0.0477433595055134,-0.0481046027776104,3,0.998350977897644
1,124,124,2.3,1,1,0.9,0,5,clean,615,619.99,11,2.27654580626462,2.2763873730414,0.00101230782335787,-0.0234541937353794,-0.0236126269585983,3,0.999516367912292
1,125,125,2.4,1,1,0.9,0,5,clean,620,624.99,11,2.38202078907913,2.38202853125379,0.001912927291746,-0.0179792109208692,-0.0179714687462136,3,0.999790489673615
1,126,126,2.5,1,1,0.9,0,5,clean,625,629.99,11,2.46933621988128,2.46955810400957,0.00172734493788124,-0.0306637801187191,-0.0304418959904256,3,0.999890446662903
1,127,127,2.6,1,1,0.9,0,5,clean,630,634.99,11,2.56452237648481,2.56467170925712,0.000728437724123059,-0.0354776235151864,-0.035328290742878,3,0.999925136566162
1,128,128,2.7,1,1,0.9,0,5,clean,635,639.99,11,2.65091018222031,2.65090016978391,9.89247676324155e-05,-0.0490898177796883,-0.0490998302160852,3,0.999938011169434
1,129,129,2.8,1,1,0.9,0,5,clean,640,644.99,11,2.73057217261405,2.7304703018949,0.00120321227182996,-0.0694278273859483,-0.0695296981051037,3,0.999937772750854
1,130,130,2.9,1,1,0.9,0,5,clean,645,649.99,11,2.8082241664011,2.80798311117366,0.000487178779913233,-0.0917758335988967,-0.0920168888263371,3,0.999931335449219
1,131,131,3,1,1,0.9,0,5,clean,650,654.99,11,2.87505820775991,2.8750915825479,0.00143854010443347,-0.124941792240088,-0.124908417452098,3,0.999927520751953
1,132,132,3.1,1,1,0.9,0,5,clean,655,659.99,11,2.93628743857449,2.93623898692007,0.0024688790215324,-0.163712561425508,-0.163761013079933,3,0.999925374984741
1,133,133,3.2,1,1,0.9,0,5,clean,660,664.99,11,3.00238595393706,3.00233028401453,0.00211700989826706,-0.197614046062945,-0.197669715985469,3,0.999926924705505
1,134,134,3.3,1,1,0.9,0,5,clean,665,669.99,11,3.07347840479996,3.0734295650666,0.00170998510596244,-0.226521595200043,-0.226570434933398,3,0.999922513961792
1,135,135,3.4,1,1,0.9,0,5,clean,670,674.99,11,3.16028093108412,3.16010061020924,0.00188232527807975,-0.239719068915878,-0.239899389790756,3,0.999905228614807
1,136,136,3.5,1,1,0.9,0,5,clean,675,679.99,11,3.25608436603389,3.25616906426039,0.00246590625556203,-0.243915633966106,-0.243830935739609,3,0.999886393547058
1,137,137,3.6,1,1,0.9,0,5,clean,680,684.99,11,3.36254972627806,3.36258872821053,0.00229321641980757,-0.237450273721944,-0.237411271789468,3,0.999873161315918
1,138,138,3.7,1,1,0.9,0,5,clean,685,689.99,11,3.47738377580278,3.47711101452675,0.00164949765695788,-0.222616224197224,-0.222888985473255,3,0.999859809875488
1,139,139,3.8,1,1,0.9,0,5,clean,690,694.99,11,3.59951566901224,3.59923194450644,0.00103954029566665,-0.200484330987756,-0.200768055493563,3,0.999851226806641
1,140,140,3.9,1,1,0.9,0,5,clean,695,699.99,11,3.72356599160484,3.72339026946528,0.000451767863791843,-0.176434008395162,-0.176609730534718,3,0.999852180480957
1,141,141,4,1,1,0.9,0,5,clean,700,704.99,11,3.84759496985628,3.84742111049559,0.000541465309227195,-0.152405030143723,-0.152578889504415,3,0.999864101409912
1,142,142,4.1,1,1,0.9,0,5,clean,705,709.99,11,3.97386766525006,3.97363908676023,0.00129267119055945,-0.126132334749935,-0.126360913239773,3,0.99987804889679
1,143,143,4.2,1,1,0.9,0,5,clean,710,714.99,11,4.09184594967052,4.09161050218362,0.00200161826573652,-0.108154050329483,-0.108389497816383,3,0.99988579750061
1,144,144,4.3,1,1,0.9,0,5,clean,715,719.99,11,4.2045325450315,4.20418350684176,0.0019227878942954,-0.095467454968496,-0.0958164931582415,3,0.999891042709351
1,145,145,4.4,1,1,0.9,0,5,clean,720,724.99,11,4.31615320399514,4.3159540806961,0.00142603908807651,-0.0838467960048561,-0.0840459193038976,3,0.999903678894043
1,146,146,4.5,1,1,0.9,0,5,clean,725,729.99,11,4.427980903068,4.42770509537237,0.00160377417833517,-0.0720190969319985,-0.0722949046276309,3,0.999920964241028
1,147,147,4.6,1,1,0.9,0,5,clean,730,734.99,11,4.5346851064897,4.53420854556352,0.00390645446541868,-0.0653148935102967,-0.0657914544364777,3,0.99993622303009
1,148,148,4.7,1,1,0.9,0,5,clean,735,739.99,11,4.63259629512866,4.63255523637785,0.00328703271167846,-0.0674037048713414,-0.0674447636221478,3,0.999953508377075
1,149,149,4.8,1,1,0.9,0,5,clean,740,744.99,11,4.73245664900201,4.73215227869712,0.00327232768877094,-0.067543350997993,-0.0678477213028819,3,0.999968647956848
1,150,150,4.9,1,1,0.9,0,5,clean,745,749.99,11,4.83316992274796,4.83280784510616,0.00300879569664241,-0.0668300772520398,-0.0671921548938368,3,0.999977946281433
1,151,151,5,1,1,0.9,0,5,clean,750,754.99,11,4.9388632581725,4.9385150737564,0.00332019730295927,-0.0611367418275002,-0.0614849262436001,3,0.999983429908752
1,152,152,5.1,1,1,0.9,0,5,clean,755,759.99,11,5.04568656301785,5.04539468885451,0.00348085714969327,-0.054313436982147,-0.0546053111454867,3,0.999987006187439
1,153,153,5.2,1,1,0.9,0,5,clean,760,764.99,11,5.15075536302016,5.15055123350292,0.00355806346747186,-0.0492446369798412,-0.0494487664970817,3,0.999988913536072
1,154,154,5.3,1,1,0.9,0,5,clean,765,769.99,11,5.25576183754629,5.25559993101664,0.00347643637444845,-0.0442381624537109,-0.0444000689833555,3,0.999990344047546
1,155,155,5.4,1,1,0.9,0,5,clean,770,774.99,11,5.36417486892096,5.36387073146343,0.00369981578423243,-0.0358251310790383,-0.0361292685365688,3,0.999991655349731
1,156,156,5.5,1,1,0.9,0,5,clean,775,779.99,11,5.47295416918988,5.47279362093649,0.00312714264101785,-0.0270458308101222,-0.0272063790635091,3,0.999992847442627
1,157,157,5.6,1,1,0.9,0,5,clean,780,784.99,11,5.58309353087727,5.58295304630457,0.00327314613795184,-0.0169064691227279,-0.017046953695429,3,0.999993801116943
1,158,158,5.7,1,1,0.9,0,5,clean,785,789.99,11,5.69287601518053,5.69256869547578,0.00320437961885716,-0.00712398481946686,-0.00743130452422491,3,0.99999475479126
1,159,159,5.8,1,1,0.9,0,5,clean,790,794.99,11,5.80256458438271,5.80217728161045,0.00342220392254688,0.00256458438270712,0.00217728161045283,3,0.999995589256287
1,160,160,5.9,1,1,0.9,0,5,clean,795,799.99,11,5.91400936597522,5.91370612109923,0.00359310892749309,0.0140093659752196,0.0137061210992275,3,0.999996304512024
1,161,161,6,1,1,0.9,0,5,clean,800,804.99,11,6.01711704791209,6.01686440852858,0.00294651570294379,0.0171170479120866,0.0168644085285798,3,0.999996781349182
1,162,162,6.1,1,1,0.9,0,5,clean,805,809.99,11,6.11597763284567,6.11558536266311,0.00231476300254833,0.015977632845674,0.0155853626631144,3,0.999997138977051
1,163,163,6.2,1,1,0.9,0,5,clean,810,814.99,11,6.21110893449243,6.21080770762688,0.00197464351001492,0.0111089344924347,0.0108077076268787,3,0.99999725818634
1,164,164,6.3,1,1,0.9,0,5,clean,815,819.99,11,6.29983778756595,6.29974026333082,0.002321867164244,-0.000162212434045017,-0.000259736669184107,3,0.99999725818634
1,165,165,6.4,1,1,0.9,0,5,clean,820,824.99,11,6.39304468341406,6.39313692977575,0.00140707923770838,-0.00695531658593573,-0.00686307022424959,3,0.99999725818634
1,166,166,6.5,1,1,0.9,0,5,clean,825,829.99,11,6.48742722557306,6.48749599315948,0.000527576623970119,-0.0125727744269373,-0.0125040068405218,3,0.999997138977051
1,167,167,6.6,1,1,0.9,0,5,clean,830,834.99,11,6.58364708861879,6.58371457554474,0.00067870511555302,-0.0163529113812055,-0.0162854244552584,3,0.999996900558472
1,168,168,6.7,1,1,0.9,0,5,clean,835,839.99,11,6.67753444206297,6.67754969356492,0.000972140057857499,-0.0224655579370339,-0.0224503064350809,3,0.999996542930603
1,169,169,6.8,1,1,0.9,0,5,clean,840,844.99,11,6.77057229072912,6.77070924378356,0.000605837106148218,-0.0294277092708821,-0.0292907562164437,3,0.999996066093445
1,170,170,6.9,1,1,0.9,0,5,clean,845,849.99,11,6.86601820796452,6.86592320624243,0.000802426199652002,-0.0339817920354779,-0.0340767937575697,3,0.999995589256287
1,171,171,7,1,1,0.9,0,5,clean,850,854.99,11,6.95567767431246,6.95565858082909,0.0014360932360789,-0.0443223256875438,-0.0443414191709062,3,0.999995231628418
1,172,172,7.1,1,1,0.9,0,5,clean,855,859.99,11,7.03858379111854,7.03848382198614,0.00170165623954588,-0.0614162088814592,-0.0615161780138571,3,0.999994874000549
1,173,173,7.2,1,1,0.9,0,5,clean,860,864.99,11,7.11772647369195,7.11759464327939,0.00180622122527482,-0.0822735263080521,-0.0824053567206136,3,0.99999463558197
1,174,174,7.3,1,1,0.9,0,5,clean,865,869.99,11,7.19731098412729,7.19717585504382,0.00167308356144293,-0.10268901587271,-0.102824144956176,3,0.999994158744812
1,175,175,7.4,1,1,0.9,0,5,clean,870,874.99,11,7.28217096192282,7.28190854295028,0.00156220212608343,-0.117829038077179,-0.118091457049724,3,0.999993324279785
1,176,176,7.5,1,1,0.9,0,5,clean,875,879.99,11,7.36785226996605,7.36772614431376,0.00136494093965881,-0.132147730033954,-0.132273855686242,3,0.99999213218689
1,177,177,7.6,1,1,0.9,0,5,clean,880,884.99,11,7.45120619104959,7.45113944147361,0.000477098280672229,-0.14879380895041,-0.14886055852639,3,0.999990463256836
1,178,178,7.7,1,1,0.9,0,5,clean,885,889.99,11,7.52674808326993,7.52681576423534,0.000342626734083068,-0.17325191673007,-0.173184235764658,3,0.999988198280334
1,179,179,7.8,1,1,0.9,0,5,clean,890,894.99,11,7.604197305816,7.60453959143236,0.000883523437171428,-0.195802694184002,-0.195460408567643,3,0.999986529350281
1,180,180,7.9,1,1,0.9,0,5,clean,895,899.99,11,7.67976737256666,7.68043090992137,0.00122724292865678,-0.220232627433336,-0.219569090078627,3,0.999985933303833
1,181,181,8,1,1,0.9,0,5,clean,900,904.99,11,7.75130592015973,7.75154621863326,0.00077882178846432,-0.248694079840268,-0.248453781366742,3,0.999984979629517
1,182,182,8.1,1,1,0.9,0,5,clean,905,909.99,11,7.81906566559449,7.81910998420831,0.000143566781918125,-0.28093433440551,-0.28089001579169,3,0.999983906745911
1,183,183,8.2,1,1,0.9,0,5,clean,910,914.99,11,7.88412663253345,7.88426991127444,0.000461343890368424,-0.315873367466553,-0.315730088725555,3,0.999982476234436
1,184,184,8.3,1,1,0.9,0,5,clean,915,919.99,11,7.95127934490572,7.95125109275961,0.000822446446549141,-0.348720655094282,-0.348748907240394,3,0.999979853630066
1,185,185,8.4,1,1,0.9,0,5,clean,920,924.99,11,8.02030438288422,8.02045650982483,0.00066061657293309,-0.379695617115779,-0.379543490175173,3,0.999976634979248
1,186,186,8.5,1,1,0.9,0,5,clean,925,929.99,11,8.0928990484777,8.09293366511827,0.000214813034007146,-0.407100951522297,-0.407066334881733,3,0.999971866607666
1,187,187,8.6,1,1,0.9,0,5,clean,930,934.99,11,8.16733701137344,8.16731318332713,0.000229650337399293,-0.432662988626561,-0.432686816672868,3,0.999964475631714
1,188,188,8.7,1,1,0.9,0,5,clean,935,939.99,11,8.24390770083751,8.24414373044281,0.000731629853859914,-0.456092299162485,-0.455856269557191,3,0.999954462051392
1,189,189,8.8,1,1,0.9,0,5,clean,940,944.99,11,8.3255438293448,8.32595387354236,0.00177777155990434,-0.474456170655202,-0.474046126457642,3,0.999944448471069
1,190,190,8.9,1,1,0.9,0,5,clean,945,949.99,11,8.41352691113832,8.41380888928894,0.00245540684692269,-0.486473088861683,-0.48619111071106,3,0.999935150146484
1,191,191,9,1,1,0.9,0,5,clean,950,954.99,11,8.50251232319254,8.50272615468303,0.00280779085008604,-0.497487676807463,-0.49727384531697,3,0.999925017356873
1,192,192,9.1,1,1,0.9,0,5,clean,955,959.99,11,8.58750036703501,8.58763929929199,0.00239055285677997,-0.512499632964994,-0.512360700708012,3,0.999911069869995
1,193,193,9.2,1,1,0.9,0,5,clean,960,964.99,11,8.671866863663,8.67200657207784,0.00235266632710044,-0.528133136336997,-0.527993427922155,3,0.99989128112793
1,194,194,9.3,1,1,0.9,0,5,clean,965,969.99,11,8.75776673775967,8.75789177679095,0.00230784297554756,-0.542233262240332,-0.54210822320905,3,0.999865770339966
1,195,195,9.4,1,1,0.9,0,5,clean,970,974.99,11,8.84746590458215,8.84759272877652,0.00253250455416991,-0.552534095417847,-0.552407271223485,3,0.999848604202271
1,196,196,9.5,1,1,0.9,0,5,clean,975,979.99,11,8.9677404132242,8.96797426958749,0.00294762802288554,-0.532259586775799,-0.532025730412514,3,0.999898314476013
1,197,197,9.6,1,1,0.9,0,5,clean,980,984.99,11,9.08275738375263,9.08290042964627,0.00206095640136913,-0.517242616247369,-0.51709957035373,3,0.999933958053589
1,198,198,9.7,1,1,0.9,0,5,clean,985,989.99,11,9.19404250967329,9.19420270865565,0.00176025696402096,-0.505957490326706,-0.505797291344354,3,0.999952435493469
1,199,199,9.8,1,1,0.9,0,5,clean,990,994.99,11,9.30917644719126,9.30924032498316,0.00216249437337854,-0.49082355280874,-0.490759675016843,3,0.999966025352478
1,200,200,9.9,1,1,0.9,0,5,clean,995,999.99,11,9.43138048427384,9.4315794911492,0.00372179840433461,-0.468619515726164,-0.468420508850802,3,0.9999760389328
1,201,201,10,1,1,0.9,0,5,clean,1000,1005,11,9.54514582263686,9.54549439513189,0.00392170132604622,-0.454854177363138,-0.45450560486811,3,0.999985218048096
