epoch,lr,loss_mode,train_loss,train_loss_fixed_total,train_loss_main,train_loss_turn,train_loss_theta,train_loss_main_base,train_loss_turn_base,train_loss_theta_base,train_loss_main_raw,train_loss_turn_raw,train_loss_theta_raw,train_loss_transition_focal_raw,train_loss_transition_focal_weighted,train_loss_stall_focal_raw,train_loss_stall_focal_weighted,train_loss_theta_smooth,train_loss_flat_theta_expert_reg,train_loss_flat_theta_expert_reg_weighted,val_loss,val_loss_main,val_loss_turn,val_loss_theta,val_loss_main_base,val_loss_turn_base,val_loss_theta_base,val_loss_main_raw,val_loss_turn_raw,val_loss_theta_raw,val_loss_transition_focal_raw,val_loss_transition_focal_weighted,val_loss_stall_focal_raw,val_loss_stall_focal_weighted,val_loss_theta_smooth,val_loss_flat_theta_expert_reg,val_loss_flat_theta_expert_reg_weighted,val_score,val_acc_main,val_acc_turn,val_main_confidence_mean,val_turn_confidence_mean,val_main_low_conf_0p60_ratio,val_turn_low_conf_0p60_ratio,val_turn_left_recall,val_turn_right_recall,val_acc_turn_transition,val_theta_mae_deg,val_theta_abs_le_10_p95_abs_err_deg,val_theta_neg_10_8_p95_abs_err_deg,val_theta_pos_8_10_p95_abs_err_deg,val_theta_abs_le_8_p95_abs_err_deg,val_theta_neg_8_6_p95_abs_err_deg,val_theta_pos_6_8_p95_abs_err_deg,val_theta_neg_2_0p5_p95_abs_err_deg,val_theta_pos_0p5_2_p95_abs_err_deg,val_theta_flat_abs_p95_deg,val_theta_flat_bias_deg,val_theta_near_flat_abs_p95_deg,val_theta_true_zero_abs_p95_deg,val_flat_recall,val_stall_recall,val_slope_recall,val_flat_as_stall_ratio,val_stall_as_flat_ratio,val_cm_main,val_cm_turn,s_main,s_turn,s_theta,weight_main,weight_turn,weight_theta,task_weight_main,task_weight_turn,task_weight_theta,initial_loss_main,initial_loss_turn,initial_loss_theta,grad_norm_main,grad_norm_turn,grad_norm_theta,gradnorm_loss,gradnorm_unstable
1,0.0012998363527126292,uncertainty_weighting,0.8316395972297069,1.798061624767055,0.6822860684265883,0.20200028554956453,0.014744453572923547,0.6822860684265883,0.20200028554956453,0.014744453572923547,0.6822860684265883,1.0100014093848393,0.018021703877480824,0.5298245670311651,0.0,1.369982510082114,0.0,0.0,0.0,0.0,0.7390712988231437,0.5313507609018937,0.20511278662129895,0.002607757316433468,0.5313507609018937,0.20511278662129895,0.002607757316433468,0.5313507609018937,1.0255639130433616,0.0035256605325657397,0.563031555375485,0.0,2.4463620765283403,0.0,0.0,0.0,0.0,7.094030454747933,0.8443843031123139,0.4679296346414073,0.7512356193200923,0.5081969501252517,0.23897158322056833,0.816508795669824,0.5836030204962244,0.5853080568720379,0.33695652173913043,2.4753599166870117,6.993827819824219,6.121943473815918,5.7796454429626465,7.211371421813965,6.161312103271484,5.72396183013916,7.265903949737549,7.8647780418396,7.942226409912109,1.5453709363937378,7.2089056968688965,nan,0.5388127853881278,0.16666666666666666,0.920894526034713,0.0,0.07142857142857142,"[[354, 0, 303], [3, 7, 32], [210, 27, 2759]]","[[494, 180, 170], [633, 694, 597], [276, 110, 541]]",-0.0640176385641098,-0.06513423472642899,-0.06573440134525299,1.0661112070083618,1.0673022270202637,1.0679430961608887,nan,nan,nan,nan,nan,nan,nan,nan,nan,nan,nan
2,0.0012993454932518544,uncertainty_weighting,0.3017631048724615,1.0913860074577606,0.34974805206300214,0.1915310157927348,0.0044139321255968955,0.34974805206300214,0.1915310157927348,0.0044139321255968955,0.34974805206300214,0.957655070755369,0.005752610446316935,0.5461985052075473,0.0,0.8676423615686358,0.0,0.0,0.0,0.0,0.5415377058744107,0.3388295646933322,0.19983332600741974,0.00287481539023231,0.3388295646933322,0.19983332600741974,0.00287481539023231,0.3388295646933322,0.9991666207455492,0.004046501601001447,0.5618854246297612,0.0,2.8669639600831536,0.0,0.0,0.0,0.0,6.198965994912798,0.9044654939106901,0.4874154262516915,0.8761030786076807,0.5209541853111866,0.10635994587280108,0.7431664411366712,0.697950377562028,0.47985781990521326,0.34006211180124224,2.8514270782470703,7.325937747955322,6.35831356048584,6.79360818862915,7.608039855957031,6.497549533843994,6.056920051574707,5.768805503845215,7.389057159423828,7.643276214599609,-0.0057732765562832355,8.510000228881836,nan,0.9452054794520548,0.23809523809523808,0.9048731642189586,0.0,0.3333333333333333,"[[621, 0, 36], [14, 10, 18], [249, 36, 2711]]","[[405, 189, 250], [456, 749, 719], [120, 160, 647]]",-0.15273426473140717,-0.13000981509685516,-0.1311482936143875,1.165015459060669,1.138839602470398,1.1401368379592896,nan,nan,nan,nan,nan,nan,nan,nan,nan,nan,nan
3,0.0012985276687801964,uncertainty_weighting,0.0008397286743064478,0.8683077560859321,0.24507271761008287,0.18518236559408388,0.0038987947769468247,0.24507271761008287,0.18518236559408388,0.0038987947769468247,0.24507271761008287,0.9259118107307253,0.005055474407277978,0.5393029212792994,0.0,0.6328751760906198,0.0,0.0,0.0,0.0,0.5316749774716059,0.3314006089115659,0.19889064934482756,0.0013837213763155556,0.3314006089115659,0.19889064934482756,0.0013837213763155556,0.3314006089115659,0.9944532386020976,0.0018934257935319242,0.546670205618919,0.0,2.7086304262922876,0.0,0.0,0.0,0.0,4.575534630784905,0.9093369418132612,0.4792963464140731,0.909526209492465,0.5229317764643395,0.07253044654939107,0.7502029769959404,0.6073354908306364,0.5924170616113744,0.3167701863354037,1.8649423122406006,5.047410011291504,5.880982875823975,5.35905122756958,4.905844688415527,4.735329627990723,4.919942378997803,3.681434392929077,4.743285655975342,4.382277965545654,0.7837055921554565,5.57290506362915,nan,0.8995433789954338,0.23809523809523808,0.920894526034713,0.0,0.023809523809523808,"[[591, 0, 66], [1, 10, 31], [186, 51, 2759]]","[[500, 128, 216], [599, 708, 617], [195, 169, 563]]",-0.23571768403053284,-0.194564089179039,-0.19638480246067047,1.2658169269561768,1.214781403541565,1.216995120048523,nan,nan,nan,nan,nan,nan,nan,nan,nan,nan,nan
4,0.0012973832910969053,uncertainty_weighting,-0.24272695104781147,0.7565006512833692,0.19433997048138202,0.18098970918709775,0.0029206456581812507,0.19433997048138202,0.18098970918709775,0.0029206456581812507,0.19433997048138202,0.9049485319574802,0.0038805919394771077,0.5373450330896324,0.0,0.4389262937102339,0.0,0.0,0.0,0.0,0.44812457135630235,0.2553833617651092,0.19112505046940625,0.0016161522245493306,0.2553833617651092,0.19112505046940625,0.0016161522245493306,0.2553833617651092,0.9556252293238298,0.0023753769770113397,0.5350001086643488,0.0,1.8809700162164695,0.0,0.0,0.0,0.0,4.669849218513606,0.930446549391069,0.45953991880920164,0.9251922515297513,0.5522643710323155,0.07442489851150202,0.6841677943166441,0.6181229773462783,0.6883886255924171,0.34316770186335405,2.125743865966797,5.723851203918457,8.660066604614258,4.3430633544921875,5.29531717300415,5.731308937072754,4.816159248352051,2.9433319568634033,5.264224052429199,4.2704267501831055,-0.29277828335762024,5.882815361022949,nan,0.9315068493150684,0.2857142857142857,0.9392523364485982,0.0,0.0,"[[612, 0, 45], [0, 12, 30], [149, 33, 2814]]","[[581, 75, 188], [763, 544, 617], [298, 56, 573]]",-0.3144422173500061,-0.25862884521484375,-0.2616085112094879,1.369495153427124,1.295153021812439,1.2990179061889648,nan,nan,nan,nan,nan,nan,nan,nan,nan,nan,nan
5,0.0012959129364306077,uncertainty_weighting,-0.44641518287400783,0.7089498279329667,0.17622237799893029,0.17547189299745392,0.0027806446444964632,0.17622237799893029,0.17547189299745392,0.0027806446444964632,0.17622237799893029,0.8773594518323452,0.003635039747351139,0.5354966071118056,0.0,0.42885829979671586,0.0,0.0,0.0,0.0,0.4600408417607515,0.2621849805318293,0.19618997364953988,0.0016658850835260704,0.2621849805318293,0.19618997364953988,0.0016658850835260704,0.2621849805318293,0.9809498467045321,0.0023374461679478683,0.5767066263055608,0.0,1.8093903133311215,0.0,0.0,0.0,0.0,4.949328294053999,0.921786197564276,0.4341001353179973,0.9365696058112254,0.5821358260878312,0.022192151556156968,0.5875507442489851,0.6612729234088457,0.5924170616113744,0.34316770186335405,2.1465566158294678,5.55936336517334,5.033085823059082,6.267343044281006,5.51490592956543,5.616352558135986,6.373497486114502,4.641156196594238,4.879997253417969,4.15036678314209,1.0895817279815674,5.561511039733887,nan,0.8538812785388128,0.5,0.9425901201602136,0.0,0.0,"[[561, 0, 96], [0, 21, 21], [146, 26, 2824]]","[[500, 91, 253], [678, 491, 755], [236, 78, 613]]",-0.38979455828666687,-0.32237493991851807,-0.32676413655281067,1.476677417755127,1.3804023265838623,1.3864744901657104,nan,nan,nan,nan,nan,nan,nan,nan,nan,nan,nan
6,0.0012941173451491577,uncertainty_weighting,-0.6510688608113474,0.6605660106534426,0.1556807954964862,0.17238948065209456,0.0022127292978590444,0.1556807954964862,0.17238948065209456,0.0022127292978590444,0.1556807954964862,0.8619473887208197,0.002886452808468169,0.5320891127936008,0.0,0.3368494005848181,0.0,0.0,0.0,0.0,0.4770761879435734,0.27815143002224874,0.19702713562929258,0.0018976286616987966,0.27815143002224874,0.19702713562929258,0.0018976286616987966,0.27815143002224874,0.9851356545385069,0.0026281628809070295,0.6144910189715064,0.0,2.305858085021195,0.0,0.0,0.0,0.0,5.0034922550346606,0.9288227334235454,0.47848443843031124,0.9457142261788768,0.5890677137210841,0.06332882273342355,0.5518267929634642,0.6537216828478964,0.5912322274881516,0.358695652173913,2.084343194961548,5.633785724639893,4.427642822265625,5.018967151641846,6.021918773651123,4.1776862144470215,5.164355754852295,3.9169411659240723,3.4919729232788086,4.999512672424316,1.343269944190979,9.110381126403809,nan,0.726027397260274,0.35714285714285715,0.9813084112149533,0.0,0.0,"[[477, 0, 180], [0, 15, 27], [54, 2, 2940]]","[[499, 127, 218], [595, 663, 666], [201, 120, 606]]",-0.46333616971969604,-0.3855845034122467,-0.39192554354667664,1.5893675088882446,1.4704736471176147,1.4798275232315063,nan,nan,nan,nan,nan,nan,nan,nan,nan,nan,nan
7,0.0012919974213868397,uncertainty_weighting,-0.845918001677266,0.6256370386992806,0.14206624150427638,0.16813224458411022,0.0026200339813679013,0.14206624150427638,0.16813224458411022,0.0026200339813679013,0.14206624150427638,0.8406612133581688,0.0032836837832149893,0.5261761701051492,0.0,0.3598038514108585,0.0,0.0,0.0,0.0,0.4375729467936556,0.23912980476638784,0.1965553581795286,0.001887781232285423,0.23912980476638784,0.1965553581795286,0.001887781232285423,0.23912980476638784,0.9827767847032767,0.0026186635647805884,0.6223789491656668,0.0,1.6515040950963664,0.0,0.0,0.0,0.0,5.2672375005120795,0.9317997293640055,0.46738836265223277,0.9426015973335299,0.6064386212279974,0.06928281461434371,0.5087956698240866,0.5749730312837109,0.70260663507109,0.35714285714285715,2.022409677505493,6.401598930358887,4.367344856262207,3.957669496536255,6.916596412658691,4.976030349731445,3.7121644020080566,8.5687837600708,3.4801857471466064,7.093089580535889,2.4368014335632324,10.034541130065918,nan,0.9162861491628614,0.5714285714285714,0.9402536715620827,0.0,0.0,"[[602, 0, 55], [0, 24, 18], [152, 27, 2817]]","[[593, 93, 158], [774, 601, 549], [304, 90, 533]]",-0.535660982131958,-0.4484013617038727,-0.4570108950138092,1.708577275276184,1.5658069849014282,1.5793460607528687,nan,nan,nan,nan,nan,nan,nan,nan,nan,nan,nan
8,0.0012895542325891095,uncertainty_weighting,-1.013301972642165,0.6216484211726474,0.14398871077871112,0.16495631660161056,0.001879184564255909,0.14398871077871112,0.16495631660161056,0.001879184564255909,0.14398871077871112,0.8247815656989418,0.0024609272893596754,0.5206704961279212,0.0,0.30879654632082965,0.0,0.0,0.0,0.0,0.43034902159351457,0.2373945808055759,0.19195017421842428,0.0010042649731121917,0.2373945808055759,0.19195017421842428,0.0010042649731121917,0.2373945808055759,0.9597508474841654,0.0014415061428036456,0.5628805403457765,0.0,2.0577440760272627,0.0,0.0,0.0,0.0,3.9030409971004256,0.9491204330175913,0.48633288227334237,0.950904852231455,0.5981487301478043,0.0571041948579161,0.5453315290933695,0.703344120819849,0.5201421800947867,0.37422360248447206,1.637721061706543,4.475790023803711,5.568051338195801,4.003239154815674,4.314043998718262,4.824213027954102,4.335231304168701,2.884262800216675,3.9169118404388428,3.9022719860076904,-0.029920896515250206,4.968348026275635,nan,0.9573820395738204,0.5238095238095238,0.9532710280373832,0.0,0.0,"[[629, 0, 28], [0, 22, 20], [133, 7, 2856]]","[[439, 177, 228], [501, 706, 717], [170, 105, 652]]",-0.6048083305358887,-0.5107296109199524,-0.5221307277679443,1.8309012651443481,1.6665066480636597,1.6856154203414917,nan,nan,nan,nan,nan,nan,nan,nan,nan,nan,nan
9,0.0012867890089751032,uncertainty_weighting,-1.2025044244793583,0.5906371602119079,0.13251821266419514,0.16120053313627916,0.0015998319758068378,0.13251821266419514,0.16120053313627916,0.0015998319758068378,0.13251821266419514,0.8060026543421251,0.002063461245088945,0.509480299112462,0.0,0.28471314201449904,0.0,0.0,0.0,0.0,0.43824959693322807,0.23988444184095514,0.19670283962167165,0.0016623051774389387,0.23988444184095514,0.19670283962167165,0.0016623051774389387,0.23988444184095514,0.9835141805576536,0.0021591545640918175,0.5925893397711933,0.0,1.8192033051077936,0.0,0.0,0.0,0.0,4.372671466158877,0.9377537212449256,0.469553450608931,0.9551361062837995,0.6049190384685101,0.0571041948579161,0.5510148849797023,0.6947141316073355,0.6469194312796208,0.37422360248447206,1.9878801107406616,5.487907409667969,5.518538951873779,4.274460315704346,5.644464492797852,6.969866752624512,4.71221399307251,3.410961389541626,3.7544610500335693,3.9353580474853516,0.8886922001838684,5.197211265563965,nan,0.9299847792998478,0.5714285714285714,0.9445927903871829,0.0,0.0,"[[611, 0, 46], [0, 24, 18], [157, 9, 2830]]","[[546, 93, 205], [633, 545, 746], [201, 82, 644]]",-0.6728082299232483,-0.5726096630096436,-0.5872593522071838,1.959733009338379,1.7728875875473022,1.7990511655807495,nan,nan,nan,nan,nan,nan,nan,nan,nan,nan,nan
10,0.0012837031429181853,uncertainty_weighting,-1.3908180076360948,0.5618032419506295,0.12014582276730149,0.15905651274271357,0.0016992848977881877,0.12014582276730149,0.15905651274271357,0.0016992848977881877,0.12014582276730149,0.7952825540898824,0.0021211338149594618,0.500780063050074,0.0,0.26599295108747395,0.0,0.0,0.0,0.0,0.4440786752471743,0.23979021213212742,0.20337415365388817,0.0009143061796171749,0.23979021213212742,0.20337415365388817,0.0009143061796171749,0.23979021213212742,1.0168707492387021,0.0013049376400374128,0.6197640171554317,0.0,2.292202107673023,0.0,0.0,0.0,0.0,3.735263393490498,0.9520974289580514,0.478213802435724,0.9620766904819179,0.6193577339474624,0.0516914749661705,0.49039242219215157,0.6235167206040992,0.556872037914692,0.37111801242236025,1.4419066905975342,4.585827350616455,4.0585174560546875,3.083141326904297,4.747148036956787,3.374636173248291,3.0972917079925537,2.642402172088623,4.416022777557373,4.440271854400635,0.7549472451210022,5.772830963134766,nan,0.9726027397260274,0.5238095238095238,0.9536048064085447,0.0,0.0,"[[639, 0, 18], [0, 22, 20], [132, 7, 2857]]","[[470, 149, 225], [528, 719, 677], [185, 164, 578]]",-0.7412619590759277,-0.6338423490524292,-0.6523391604423523,2.0985820293426514,1.8848390579223633,1.9200268983840942,nan,nan,nan,nan,nan,nan,nan,nan,nan,nan,nan
11,0.0012802981882448466,uncertainty_weighting,-1.5213962330187258,0.585536260286515,0.13700580881690255,0.15417683654273154,0.0015854851848474175,0.13700580881690255,0.15417683654273154,0.0015854851848474175,0.13700580881690255,0.7708841663276993,0.002072014810403445,0.47350092116923403,0.0,0.24235941157715318,0.0,0.0,0.0,0.0,0.44426416699070087,0.24189726237676462,0.2012733601668852,0.0010935398502683667,0.24189726237676462,0.2012733601668852,0.0010935398502683667,0.24189726237676462,1.0063667844532307,0.0014865724021110164,0.5720843073318389,0.0,2.3706441061597254,0.0,0.0,0.0,0.0,3.8668088175355506,0.9502029769959405,0.5079837618403248,0.961662792980915,0.6061705870607846,0.009742895805142085,0.5012178619756428,0.6148867313915858,0.6338862559241706,0.42701863354037267,1.7071155309677124,4.169161796569824,5.365802764892578,3.6205103397369385,4.143283367156982,4.538136959075928,4.020669937133789,3.1638309955596924,3.037782907485962,4.537782669067383,1.5125359296798706,7.43510103225708,nan,0.9512937595129376,0.5714285714285714,0.9552736982643525,0.0,0.0,"[[625, 0, 32], [0, 24, 18], [129, 5, 2862]]","[[535, 183, 126], [586, 772, 566], [215, 142, 570]]",-0.8049119710922241,-0.6947381496429443,-0.7174120545387268,2.236499547958374,2.0031845569610596,2.0491232872009277,nan,nan,nan,nan,nan,nan,nan,nan,nan,nan,nan
12,0.0012765758594523047,uncertainty_weighting,-1.7170543677722183,0.5466211929216858,0.11955470689102198,0.15261172596314504,0.0011441619322292713,0.11955470689102198,0.15261172596314504,0.0011441619322292713,0.11955470689102198,0.763058618507106,0.0014398252684163792,0.4778149084633337,0.0,0.2305397108164156,0.0,0.0,0.0,0.0,0.44447170839580696,0.2479866536205612,0.19559554283044658,0.0008895090579985312,0.2479866536205612,0.19559554283044658,0.0008895090579985312,0.2479866536205612,0.9779776973233978,0.0013159882949277033,0.619461108221898,0.0,2.063630675508862,0.0,0.0,0.0,0.0,3.7123829102296586,0.943978349120433,0.5039242219215155,0.946527769830172,0.6417282083987478,0.05926928281461434,0.4654939106901218,0.7076591154261057,0.6481042654028436,0.4114906832298137,1.5845980644226074,4.302618026733398,3.5146031379699707,2.8172454833984375,4.462068557739258,5.245059490203857,2.8934824466705322,3.5156383514404297,3.89605712890625,4.999650478363037,1.1325271129608154,5.1918463706970215,nan,0.9512937595129376,0.5952380952380952,0.9472630173564753,0.0,0.07142857142857142,"[[625, 0, 32], [3, 25, 14], [130, 28, 2838]]","[[547, 150, 147], [608, 659, 657], [174, 97, 656]]",-0.8708359599113464,-0.7548795342445374,-0.7825196385383606,2.388906955718994,2.1273553371429443,2.1869757175445557,nan,nan,nan,nan,nan,nan,nan,nan,nan,nan,nan
13,0.0012725380308452048,uncertainty_weighting,-1.8772221635406179,0.5389259250293562,0.11899180336502013,0.14928177851836272,0.0011893789741676103,0.11899180336502013,0.14928177851836272,0.0011893789741676103,0.11899180336502013,0.7464088767674998,0.001536568030028146,0.46421737438739985,0.0,0.19108301211616482,0.0,0.0,0.0,0.0,0.45999136221102355,0.24747696957665624,0.21180595901967386,0.0007084311362915497,0.24747696957665624,0.21180595901967386,0.0007084311362915497,0.24747696957665624,1.059029782124882,0.0009893574130769279,0.6479211425426364,0.0,1.9552846766385112,0.0,0.0,0.0,0.0,3.2872727660553713,0.9407307171853857,0.5077131258457375,0.9492439739075055,0.6390249222834882,0.06495263870094722,0.4757780784844384,0.535059331175836,0.6125592417061612,0.40372670807453415,1.3230534791946411,3.7094836235046387,2.6902060508728027,3.112086057662964,3.7661962509155273,3.3402764797210693,2.9200310707092285,2.3435537815093994,3.545713186264038,4.2661967277526855,0.5580695271492004,4.916859149932861,nan,0.9147640791476408,0.5714285714285714,0.9516021361815754,0.0,0.0,"[[601, 0, 56], [0, 24, 18], [142, 3, 2851]]","[[517, 212, 115], [588, 863, 473], [219, 212, 496]]",-0.9338818788528442,-0.8145269155502319,-0.8476038575172424,2.5443670749664307,2.2581071853637695,2.334047555923462,nan,nan,nan,nan,nan,nan,nan,nan,nan,nan,nan
14,0.0012681867355918497,uncertainty_weighting,-2.065743036340532,0.5083827502722171,0.1052856802962005,0.14801344038195485,0.0008922542458222306,0.1052856802962005,0.14801344038195485,0.0008922542458222306,0.1052856802962005,0.7400671873394695,0.0011939883636784782,0.4556677643577289,0.0,0.2057579180890758,0.0,0.0,0.0,0.0,0.4580288984778769,0.2533098257846213,0.20415574778400675,0.0005633218563476852,0.2533098257846213,0.20415574778400675,0.0005633218563476852,0.2533098257846213,1.0207787203369347,0.0007756383378809779,0.6209448867624926,0.0,2.033722282131889,0.0,0.0,0.0,0.0,3.4195814006820227,0.9369418132611638,0.48497970230040593,0.9536650009703035,0.6496443935328954,0.061434370771312585,0.435723951285521,0.5954692556634305,0.7345971563981043,0.38819875776397517,1.121908187866211,3.2459304332733154,3.2960004806518555,2.6638505458831787,3.3165223598480225,2.4058244228363037,2.736907958984375,2.181386709213257,2.9390738010406494,4.407464981079102,1.0230599641799927,6.133233547210693,nan,0.7656012176560122,0.5952380952380952,0.979305740987984,0.0,0.0,"[[503, 0, 154], [0, 25, 17], [46, 16, 2934]]","[[620, 98, 126], [799, 620, 505], [309, 66, 552]]",-0.9991449117660522,-0.8732660412788391,-0.9127005934715271,2.7159583568573,2.394719362258911,2.4910407066345215,nan,nan,nan,nan,nan,nan,nan,nan,nan,nan,nan
15,0.0012635241647004389,uncertainty_weighting,-2.2287389080453335,0.49761053632388813,0.1029770938604412,0.14487300762983638,0.0009551651364319452,0.1029770938604412,0.14487300762983638,0.0009551651364319452,0.1029770938604412,0.7243650262329409,0.0012796698159634446,0.45543471783430234,0.0,0.22500080075766438,0.0,0.0,0.0,0.0,0.44013591861208656,0.24255537090669305,0.19676926912732312,0.0008112756558882983,0.24255537090669305,0.19676926912732312,0.0008112756558882983,0.24255537090669305,0.9838463354497866,0.0010621541553379838,0.6307571847964688,0.0,1.825967934134968,0.0,0.0,0.0,0.0,3.463641718450362,0.9410013531799729,0.5096075778078485,0.9564924019470815,0.666691991762728,0.056833558863328824,0.40162381596752367,0.7055016181229773,0.6492890995260664,0.42857142857142855,1.3142796754837036,4.003879547119141,4.0543107986450195,2.4308018684387207,4.098030090332031,3.5774879455566406,2.7903919219970703,3.2466540336608887,3.1443588733673096,4.644359111785889,1.482803225517273,6.61096715927124,nan,0.9117199391171994,0.5714285714285714,0.9526034712950601,0.0,0.09523809523809523,"[[599, 0, 58], [4, 24, 14], [136, 6, 2854]]","[[548, 158, 138], [608, 681, 635], [176, 97, 654]]",-1.0626752376556396,-0.9313409924507141,-0.9777781963348389,2.8941030502319336,2.5379104614257812,2.6585428714752197,nan,nan,nan,nan,nan,nan,nan,nan,nan,nan,nan
16,0.0012585526659158292,uncertainty_weighting,-2.3476971023001525,0.5144723380669989,0.1142829967533888,0.1420520339223137,0.0009011395644834116,0.1142829967533888,0.1420520339223137,0.0009011395644834116,0.1142829967533888,0.7102601503754666,0.0012145604407796811,0.4381005783858955,0.0,0.2382292521789808,0.0,0.0,0.0,0.0,0.46714366521177175,0.26373113830938066,0.2018277291516006,0.001584791487929725,0.26373113830938066,0.2018277291516006,0.001584791487929725,0.26373113830938066,1.0091386364664534,0.002152502902780933,0.6223973635085058,0.0,1.8925755037650298,0.0,0.0,0.0,0.0,4.439500993827679,0.9437077131258458,0.5271989174560217,0.9620685777470888,0.6573645185656568,0.050608930987821384,0.42814614343707713,0.6386192017259978,0.6042654028436019,0.4409937888198758,2.1943552494049072,4.852599620819092,5.602105617523193,4.28665828704834,4.852558135986328,5.159952640533447,4.757663249969482,3.5418660640716553,3.85260009765625,5.35260009765625,1.9703282117843628,8.587067604064941,nan,0.8964992389649924,0.5714285714285714,0.959279038718291,0.0,0.0,"[[589, 0, 68], [0, 24, 18], [116, 6, 2874]]","[[510, 191, 143], [467, 846, 611], [166, 169, 592]]",-1.1230655908584595,-0.9889301061630249,-1.042852759361267,3.0742642879486084,2.688356876373291,2.8372995853424072,nan,nan,nan,nan,nan,nan,nan,nan,nan,nan,nan
17,0.0012532747425373753,uncertainty_weighting,-2.5383968858697523,0.48083466615432535,0.10226351687881524,0.13717574166479168,0.0009780738850028844,0.10226351687881524,0.13717574166479168,0.0009780738850028844,0.10226351687881524,0.6858786972308016,0.0012953154112726956,0.41741538402627304,0.0,0.18620339830503252,0.0,0.0,0.0,0.0,0.49077720140410697,0.29009062167110883,0.19984293440923961,0.0008436550307957171,0.29009062167110883,0.19984293440923961,0.0008436550307957171,0.29009062167110883,0.9992146541849686,0.001242910216925401,0.6504445421195644,0.0,2.825531995562658,0.0,0.0,0.0,0.0,3.6638099837101827,0.9464140730717185,0.5120433017591339,0.9581889193712086,0.6809371065874699,0.05493910690121786,0.38863328822733423,0.6386192017259978,0.6670616113744076,0.41770186335403725,1.5530807971954346,3.9229469299316406,4.610403060913086,2.802541732788086,3.9091989994049072,4.476866245269775,2.8764681816101074,3.524451732635498,3.418682336807251,4.846125602722168,1.1578038930892944,5.819912910461426,nan,0.9497716894977168,0.4523809523809524,0.9526034712950601,0.0,0.0,"[[624, 0, 33], [0, 19, 23], [138, 4, 2854]]","[[563, 151, 130], [578, 737, 609], [202, 133, 592]]",-1.184067964553833,-1.0464470386505127,-1.1078860759735107,3.2676398754119873,2.8475160598754883,3.0279507637023926,nan,nan,nan,nan,nan,nan,nan,nan,nan,nan,nan
18,0.001247693052158443,uncertainty_weighting,-2.701048973388598,0.467007633473755,0.09784525320032157,0.13499061761122952,0.0006679475687481848,0.09784525320032157,0.13499061761122952,0.0006679475687481848,0.09784525320032157,0.6749530722011823,0.0009018908824814013,0.4066889414038529,0.0,0.16679989951764282,0.0,0.0,0.0,0.0,0.44933337368403786,0.24765100369434073,0.20090390515585552,0.0007784690143803893,0.24765100369434073,0.20090390515585552,0.0007784690143803893,0.24765100369434073,1.0045195186896319,0.0011775088470671149,0.5988751126884285,0.0,2.3460659812927602,0.0,0.0,0.0,0.0,3.239691188380723,0.9512855209742895,0.5580514208389716,0.9602649333016413,0.6751965137837043,0.05196211096075778,0.40162381596752367,0.6019417475728155,0.6729857819905213,0.4984472049689441,1.602973222732544,3.7716686725616455,3.4682817459106445,3.2725634574890137,3.771669626235962,4.664895057678223,3.6422576904296875,2.6172032356262207,2.8638691902160645,4.271669864654541,0.2550358474254608,4.2716755867004395,nan,0.969558599695586,0.5714285714285714,0.9526034712950601,0.0,0.0,"[[637, 0, 20], [0, 24, 18], [136, 6, 2854]]","[[568, 196, 80], [569, 936, 419], [186, 183, 558]]",-1.2451786994934082,-1.1027872562408447,-1.172960877418518,3.473555326461792,3.0125510692596436,3.231546640396118,nan,nan,nan,nan,nan,nan,nan,nan,nan,nan,nan
19,0.0012418104053282303,uncertainty_weighting,-2.8489014545754316,0.46076700257962194,0.09721944678341082,0.13106964683441122,0.0020944081554269897,0.09721944678341082,0.13106964683441122,0.0020944081554269897,0.09721944678341082,0.6553482221557466,0.0025791838682655615,0.39654144792766205,0.0,0.1386406589269631,0.0,0.0,0.0,0.0,0.4698345019949628,0.26423402795610956,0.20494788393922683,0.0006525902691295973,0.26423402795610956,0.20494788393922683,0.0006525902691295973,0.26423402795610956,1.0247394136388828,0.0008673842281798791,0.6070108810845506,0.0,2.3883206372635066,0.0,0.0,0.0,0.0,3.38231459347092,0.9469553450608931,0.5372124492557511,0.9651482269607325,0.6733596862429259,0.05331529093369418,0.41434370771312584,0.6548004314994607,0.6635071090047393,0.4813664596273292,1.203651785850525,3.6151652336120605,2.4267518520355225,2.7854034900665283,3.8179237842559814,2.392331123352051,2.3437306880950928,3.912925958633423,3.700824022293091,4.821862697601318,1.678246021270752,5.0592546463012695,nan,0.817351598173516,0.5476190476190477,0.9809746328437917,0.0,0.0,"[[537, 0, 120], [0, 23, 19], [50, 7, 2939]]","[[560, 193, 91], [628, 818, 478], [174, 146, 607]]",-1.3045930862426758,-1.1590782403945923,-1.2377856969833374,3.6861886978149414,3.1869943141937256,3.447970151901245,nan,nan,nan,nan,nan,nan,nan,nan,nan,nan,nan
20,0.0012356297641365722,uncertainty_weighting,-3.046418553638014,0.4272215383185818,0.08433210060890216,0.12731957170832603,0.0019590958268075422,0.08433210060890216,0.12731957170832603,0.0019590958268075422,0.08433210060890216,0.6365978453407285,0.002496596707023637,0.3647727331623162,0.0,0.15597510389105818,0.0,0.0,0.0,0.0,0.49657145670850805,0.2849274425125896,0.21060884578382855,0.001035160643832458,0.2849274425125896,0.21060884578382855,0.001035160643832458,0.2849274425125896,1.0530442056217115,0.0015569664875022735,0.6621304732214291,0.0,2.6056612293066905,0.0,0.0,0.0,0.0,3.623288506655867,0.9434370771312585,0.5182679296346414,0.9680736795718712,0.7010414348261598,0.009472259810554804,0.3537212449255751,0.6472491909385113,0.6895734597156398,0.468944099378882,1.8369389772415161,4.0216383934021,3.2787883281707764,4.6498308181762695,3.9425466060638428,3.8025636672973633,3.942617654800415,3.0355305671691895,4.1648173332214355,4.613546371459961,0.6312785744667053,4.33421516418457,nan,0.9375951293759512,0.5476190476190477,0.9502670226969292,0.0,0.0,"[[616, 0, 41], [0, 23, 19], [129, 20, 2847]]","[[582, 174, 88], [667, 733, 524], [199, 128, 600]]",-1.3667172193527222,-1.2149163484573364,-1.3025537729263306,3.922452926635742,3.370012044906616,3.6786792278289795,nan,nan,nan,nan,nan,nan,nan,nan,nan,nan,nan
21,0.0012291542407224388,uncertainty_weighting,-3.1322916788907453,0.4532233500474882,0.09393812168245992,0.13177353059580554,0.00090002275460648,0.09393812168245992,0.13177353059580554,0.00090002275460648,0.09393812168245992,0.6588676436474337,0.0012089236369950105,0.3989198020051371,0.0,0.2100530570392237,0.0,0.0,0.0,0.0,0.4643437474119163,0.2680652756894232,0.19559231312171693,0.0006861602467691453,0.2680652756894232,0.19559231312171693,0.0006861602467691453,0.2680652756894232,0.9779615496750291,0.00092473803256627,0.6423763827154859,0.0,2.8189019903639827,0.0,0.0,0.0,0.0,3.1449518352427535,0.9529093369418132,0.53234100135318,0.9619943320730918,0.7055398605488034,0.05087956698240866,0.3453315290933694,0.7421790722761596,0.7488151658767772,0.4363354037267081,1.2479314804077148,3.594914674758911,2.8897268772125244,2.4115447998046875,3.751472234725952,3.0580241680145264,2.3405580520629883,2.8585660457611084,3.676363945007324,4.762524604797363,1.6018896102905273,4.762529373168945,nan,0.9573820395738204,0.5714285714285714,0.9572763684913218,0.0,0.0,"[[629, 0, 28], [0, 24, 18], [126, 2, 2868]]","[[632, 123, 89], [678, 647, 599], [172, 67, 688]]",-1.4249083995819092,-1.2678649425506592,-1.3675525188446045,4.157476902008057,3.553258180618286,3.9257307052612305,nan,nan,nan,nan,nan,nan,nan,nan,nan,nan,nan
22,0.0012223870957068794,uncertainty_weighting,-3.292835424236164,0.43627104208606277,0.09108463690740544,0.12643813647244614,0.0006127483333162416,0.09108463690740544,0.12643813647244614,0.0006127483333162416,0.09108463690740544,0.6321906700303906,0.0008257956022222128,0.3740935475238186,0.0,0.16768214150017102,0.0,0.0,0.0,0.0,0.48592574727067445,0.2750274199271557,0.21039620603211678,0.0005021217228096175,0.2750274199271557,0.21039620603211678,0.0005021217228096175,0.2750274199271557,1.0519810189413605,0.0007139996023400005,0.672421981210799,0.0,2.9510896212677187,0.0,0.0,0.0,0.0,2.8359876204718577,0.9453315290933694,0.5345060893098782,0.9595803495060808,0.706498692028079,0.053585926928281465,0.34208389715832205,0.6914778856526429,0.6824644549763034,0.4549689440993789,1.096163272857666,3.059182643890381,2.37119460105896,2.1919009685516357,3.259801149368286,2.280449151992798,2.2628660202026367,2.568042516708374,3.014653205871582,4.514653205871582,0.6388630270957947,4.8957929611206055,nan,0.9634703196347032,0.4523809523809524,0.94826435246996,0.0,0.0,"[[633, 0, 24], [0, 19, 23], [143, 12, 2841]]","[[576, 174, 94], [595, 758, 571], [173, 113, 641]]",-1.4816633462905884,-1.3210294246673584,-1.4326415061950684,4.400258541107178,3.747276782989502,4.189751625061035,nan,nan,nan,nan,nan,nan,nan,nan,nan,nan,nan
23,0.0012153317365512018,uncertainty_weighting,-3.4557861468848072,0.419349019840009,0.08570247187636222,0.1231054170938973,0.0008666198802650447,0.08570247187636222,0.1231054170938973,0.0008666198802650447,0.08570247187636222,0.615527075264774,0.001097332711143045,0.3745412927201384,0.0,0.1832800071535956,0.0,0.0,0.0,0.0,0.4940137688458692,0.28563268980734724,0.20781767773612103,0.0005634071005140312,0.28563268980734724,0.20781767773612103,0.0005634071005140312,0.28563268980734724,1.0390883819014842,0.0008025188608497068,0.6289145536771162,0.0,2.7942599423783823,0.0,0.0,0.0,0.0,2.798514794343933,0.9499323410013532,0.5637347767253045,0.9607366193066122,0.6992967524891475,0.05196211096075778,0.3382949932341001,0.6612729234088457,0.7156398104265402,0.5031055900621118,1.128872275352478,3.409322500228882,2.12528657913208,1.8055213689804077,3.5717921257019043,2.3962819576263428,2.0612845420837402,2.0011210441589355,3.502281427383423,4.421243667602539,1.52446448802948,4.258067607879639,nan,0.954337899543379,0.5714285714285714,0.9542723631508678,0.0,0.0,"[[627, 0, 30], [0, 24, 18], [129, 8, 2859]]","[[604, 172, 68], [581, 866, 477], [163, 151, 613]]",-1.5381073951721191,-1.3737035989761353,-1.497641682624817,4.655770778656006,3.9499528408050537,4.471131801605225,nan,nan,nan,nan,nan,nan,nan,nan,nan,nan,nan
24,0.0012079917158412128,uncertainty_weighting,-3.618941196751137,0.4031765815876913,0.08017079425677391,0.12076068323690883,0.0006568135262779793,0.08017079425677391,0.12076068323690883,0.0006568135262779793,0.08017079425677391,0.6038034076453828,0.0008965896543734775,0.34688348071178066,0.0,0.22066626426690367,0.0,0.0,0.0,0.0,0.4777342130431303,0.2739984369890938,0.20325621486678014,0.00047956221201835155,0.2739984369890938,0.20325621486678014,0.00047956221201835155,0.2739984369890938,1.0162810693090436,0.000692249909884527,0.6155674384959818,0.0,3.1148493813835407,0.0,0.0,0.0,0.0,2.777957378856824,0.9523680649526387,0.5607577807848444,0.9639769023717171,0.7010229161881845,0.05006765899864682,0.3604871447902571,0.6558791801510249,0.7132701421800948,0.5,1.092275857925415,3.2171077728271484,3.046700954437256,2.500255823135376,3.3401098251342773,2.2255942821502686,2.620863676071167,2.9184343814849854,2.537125825881958,4.044620513916016,0.3409062325954437,4.179487228393555,nan,0.954337899543379,0.5238095238095238,0.9579439252336449,0.0,0.0,"[[627, 0, 30], [0, 22, 20], [123, 3, 2870]]","[[602, 161, 81], [656, 862, 406], [153, 166, 608]]",-1.596172571182251,-1.4256126880645752,-1.562682867050171,4.93411111831665,4.160406112670898,4.771605491638184,nan,nan,nan,nan,nan,nan,nan,nan,nan,nan,nan
25,0.0012003707294983845,uncertainty_weighting,-3.6917673611541404,0.4227745259072821,0.09186222047196073,0.1190064715829935,0.0005185710939003038,0.09186222047196073,0.1190064715829935,0.0005185710939003038,0.09186222047196073,0.5950323520298698,0.000691846424977537,0.3401530356673726,0.0,0.1612227105033961,0.0,0.0,0.0,0.0,0.45454592628956486,0.2585999584327047,0.19557689180312848,0.0003690813563708014,0.2585999584327047,0.19557689180312848,0.0003690813563708014,0.2585999584327047,0.9778844318628633,0.0005767621904144036,0.6076321712043514,0.0,2.4675692935210645,0.0,0.0,0.0,0.0,2.47417579712991,0.9480378890392422,0.5585926928281462,0.9646264825096375,0.7060636192056251,0.008660351826792964,0.35290933694181326,0.703344120819849,0.6800947867298578,0.4798136645962733,1.0264071226119995,2.7586143016815186,2.999772787094116,2.3212475776672363,2.765990972518921,3.8132617473602295,1.9667528867721558,1.8067923784255981,2.1870524883270264,2.9500982761383057,0.21227645874023438,3.354600667953491,nan,0.9360730593607306,0.5238095238095238,0.9566088117489987,0.0,0.0,"[[615, 0, 42], [0, 22, 20], [120, 10, 2866]]","[[574, 152, 118], [521, 838, 565], [147, 128, 652]]",-1.6482036113739014,-1.4763903617858887,-1.6277493238449097,5.197634696960449,4.377117156982422,5.092400550842285,nan,nan,nan,nan,nan,nan,nan,nan,nan,nan,nan
26,0.0011924726149188467,uncertainty_weighting,-3.8403387396267377,0.40960038438690893,0.08768155112149488,0.11630471261423624,0.0008139267430395488,0.08768155112149488,0.11630471261423624,0.0008139267430395488,0.08768155112149488,0.5815235563476734,0.001044992984215237,0.3340326135323264,0.0,0.10902854417312818,0.0,0.0,0.0,0.0,0.4808328722423404,0.27262817103420767,0.20707855983983842,0.0011261399086761378,0.27262817103420767,0.20707855983983842,0.0011261399086761378,0.27262817103420767,1.0353927791360589,0.001619840298050886,0.7054806368115468,0.0,2.365669167348271,0.0,0.0,0.0,0.0,3.483176254899484,0.9412719891745602,0.5426251691474966,0.957326371007644,0.7415441250608165,0.056562922868741546,0.2912043301759134,0.5976267529665588,0.735781990521327,0.4751552795031056,1.9774788618087769,4.080379486083984,3.7589056491851807,4.188124656677246,4.078077793121338,4.581772804260254,3.5034303665161133,2.504183769226074,3.2485194206237793,3.995584487915039,-0.17614354193210602,3.995680809020996,nan,0.958904109589041,0.47619047619047616,0.9439252336448598,0.0,0.023809523809523808,"[[630, 0, 27], [1, 20, 21], [144, 24, 2828]]","[[621, 145, 78], [677, 830, 417], [208, 165, 554]]",-1.6993614435195923,-1.5264892578125,-1.6927239894866943,5.470453262329102,4.601992130279541,5.434263229370117,nan,nan,nan,nan,nan,nan,nan,nan,nan,nan,nan
27,0.0011843013490411415,uncertainty_weighting,-4.016445476524598,0.38647992356956257,0.08013548564700655,0.11208509383396903,0.001019381529635693,0.08013548564700655,0.11208509383396903,0.001019381529635693,0.08013548564700655,0.5604254615538363,0.0013487647544958635,0.3231340816932002,0.0,0.13140278443359768,0.0,0.0,0.0,0.0,0.5193896230889915,0.31428611338219237,0.20392347563345475,0.0011800325543686486,0.31428611338219237,0.20392347563345475,0.0011800325543686486,0.31428611338219237,1.0196173613384387,0.001722684661266728,0.669345309963407,0.0,3.0771404200950605,0.0,0.0,0.0,0.0,3.9094750352660115,0.9453315290933694,0.5407307171853857,0.963955797388014,0.7292623753888209,0.050608930987821384,0.29851150202976995,0.7691477885652643,0.6540284360189573,0.4673913043478261,1.8893868923187256,4.763617038726807,4.537449359893799,4.399162769317627,4.862431049346924,5.700887203216553,4.23236608505249,2.250976085662842,4.024211406707764,4.746669292449951,0.06839975714683533,4.746714115142822,nan,0.9041095890410958,0.5,0.9606141522029372,0.0,0.0,"[[594, 0, 63], [0, 21, 21], [114, 4, 2878]]","[[552, 139, 153], [517, 733, 674], [102, 112, 713]]",-1.7529314756393433,-1.5766185522079468,-1.7575939893722534,5.7714972496032715,4.838566780090332,5.7984700202941895,nan,nan,nan,nan,nan,nan,nan,nan,nan,nan,nan
28,0.0011758610463437158,uncertainty_weighting,-4.151460113654632,0.37992640588538706,0.07761636918147077,0.111704028761966,0.0006428050471427389,0.07761636918147077,0.111704028761966,0.0006428050471427389,0.07761636918147077,0.5585201328473931,0.000845371349611515,0.32897455966604605,0.0,0.15029080197533104,0.0,0.0,0.0,0.0,0.4928946471182032,0.2708064817366,0.2217094115217258,0.00037875441262178394,0.2708064817366,0.2217094115217258,0.00037875441262178394,0.2708064817366,1.1085470390255299,0.0005703053156610866,0.7140592631370999,0.0,2.5479652476538583,0.0,0.0,0.0,0.0,2.3495633241653646,0.9431664411366711,0.5607577807848444,0.9762499920490739,0.7393589519905444,0.007848443843031122,0.29336941813261164,0.7087378640776699,0.6729857819905213,0.4968944099378882,0.9398671388626099,2.6043906211853027,2.2448456287384033,2.032839298248291,2.650343179702759,2.488291025161743,1.9153244495391846,1.5711381435394287,1.7145119905471802,3.1044230461120605,0.9987920522689819,4.238441467285156,nan,0.9573820395738204,0.5,0.9462616822429907,0.0,0.023809523809523808,"[[629, 0, 28], [1, 21, 20], [128, 33, 2835]]","[[568, 165, 111], [552, 847, 525], [107, 163, 657]]",-1.8051940202713013,-1.625369906425476,-1.8225791454315186,6.081151485443115,5.080297470092773,6.1877970695495605,nan,nan,nan,nan,nan,nan,nan,nan,nan,nan,nan
29,0.0011671559567731577,uncertainty_weighting,-4.259084172196625,0.3802308298255695,0.08161988954408948,0.10764109609553137,0.000854428580341653,0.08161988954408948,0.10764109609553137,0.000854428580341653,0.08161988954408948,0.5382054729617164,0.001102256056817226,0.29294797201880424,0.0,0.13119364746074447,0.0,0.0,0.0,0.0,0.5100573420685909,0.2891415911856459,0.22009915033599844,0.0008166055356187643,0.2891415911856459,0.22009915033599844,0.0008166055356187643,0.2891415911856459,1.100495724974853,0.0011729038296852145,0.7075447362072574,0.0,2.447119997473524,0.0,0.0,0.0,0.0,3.4445394099209503,0.9456021650879567,0.5705006765899865,0.9618313374146977,0.7373497594915437,0.0516914749661705,0.2963464140730717,0.6677454153182308,0.6883886255924171,0.5062111801242236,1.4939182996749878,4.142930507659912,3.265399217605591,2.2513480186462402,4.23712682723999,4.236814022064209,2.424572706222534,4.028375625610352,4.035328388214111,5.119503974914551,-0.8521633744239807,4.737133026123047,nan,0.943683409436834,0.5476190476190477,0.9516021361815754,0.0,0.0,"[[620, 0, 37], [0, 23, 19], [137, 8, 2851]]","[[581, 183, 80], [576, 908, 440], [137, 171, 619]]",-1.8544763326644897,-1.673372507095337,-1.887486457824707,6.388351917266846,5.330113410949707,6.602751731872559,nan,nan,nan,nan,nan,nan,nan,nan,nan,nan,nan
30,0.0011581904636042196,uncertainty_weighting,-4.4052873233880785,0.36911883608198215,0.07486183402528059,0.10889496953034547,0.0008026141244592154,0.07486183402528059,0.10889496953034547,0.0008026141244592154,0.07486183402528059,0.5444748407627913,0.0010178937873422695,0.31804596317053146,0.0,0.18300161797133518,0.0,0.0,0.0,0.0,0.5361832902944459,0.32738951007471356,0.20838437167088297,0.00040941626019870385,0.32738951007471356,0.20838437167088297,0.00040941626019870385,0.32738951007471356,1.0419218320969155,0.0006012312417468044,0.7009430658994734,0.0,3.229254821664312,0.0,0.0,0.0,0.0,2.608785473768362,0.9437077131258458,0.5967523680649527,0.9631250798261163,0.7431149082107473,0.05331529093369418,0.27686062246278753,0.6882416396979504,0.6658767772511849,0.5496894409937888,0.9794259071350098,2.9068615436553955,2.527233839035034,2.034240961074829,3.1554372310638428,2.403527021408081,2.1530942916870117,2.6862940788269043,3.139673948287964,3.860804319381714,-0.22874006628990173,3.4783647060394287,nan,0.943683409436834,0.5476190476190477,0.9492656875834445,0.0,0.0,"[[620, 0, 37], [0, 23, 19], [141, 11, 2844]]","[[562, 196, 86], [461, 1005, 458], [124, 165, 638]]",-1.9067538976669312,-1.7193034887313843,-1.9523956775665283,6.731203556060791,5.5806403160095215,7.045546054840088,nan,nan,nan,nan,nan,nan,nan,nan,nan,nan,nan
31,0.0011489690812327073,uncertainty_weighting,-4.531084874341403,0.36202262178891886,0.0756252321085427,0.10387422721022753,0.001511851059986717,0.0756252321085427,0.10387422721022753,0.001511851059986717,0.0756252321085427,0.5193711286505912,0.0018005145412129777,0.29260014541259194,0.0,0.14537105462186975,0.0,0.0,0.0,0.0,0.48077207234296165,0.26592852682157525,0.21404785773186302,0.0007956822282736756,0.26592852682157525,0.21404785773186302,0.0007956822282736756,0.26592852682157525,1.070239270523856,0.001049550532720005,0.7590383181229979,0.0,1.840265289017055,0.0,0.0,0.0,0.0,3.220098582136336,0.9442489851150203,0.5542625169147497,0.9681395805062137,0.7708876171834593,0.008660351826792964,0.2449255751014885,0.7206040992448759,0.7748815165876777,0.4968944099378882,1.3228298425674438,3.867421865463257,3.442506790161133,2.316131114959717,4.152451992034912,3.33164644241333,3.1727969646453857,1.9089336395263672,4.923839569091797,4.230889797210693,0.6713208556175232,5.195104598999023,nan,0.9375951293759512,0.5714285714285714,0.9509345794392523,0.0,0.0,"[[616, 0, 41], [0, 24, 18], [132, 15, 2849]]","[[654, 120, 70], [719, 726, 479], [178, 81, 668]]",-1.9538753032684326,-1.7657253742218018,-2.016976833343506,7.055978775024414,5.845811367034912,7.515569686889648,nan,nan,nan,nan,nan,nan,nan,nan,nan,nan,nan
32,0.0011394964529023474,uncertainty_weighting,-4.633488259548298,0.3626752589883977,0.07618420112442427,0.10428295588996754,0.000870472735964414,0.07618420112442427,0.10428295588996754,0.000870472735964414,0.07618420112442427,0.5214147711414644,0.0011344092798734997,0.29224318149799633,0.0,0.17125776339902526,0.0,0.0,0.0,0.0,0.5087252817876606,0.2995453222436737,0.20802623103290838,0.0011537245544069351,0.2995453222436737,0.20802623103290838,0.0011537245544069351,0.2995453222436737,1.040131138061477,0.0017436100107003935,0.7214508108260345,0.0,3.2268316577215135,0.0,0.0,0.0,0.0,3.9235307727973483,0.9477672530446549,0.5867388362652233,0.9674058881920855,0.7442689976434406,0.05115020297699594,0.2717185385656292,0.7044228694714132,0.6824644549763034,0.4891304347826087,1.9316377639770508,4.631533145904541,4.490461349487305,2.9060158729553223,4.7979960441589355,4.776615619659424,3.0880126953125,2.590902805328369,5.344330310821533,5.814352512359619,1.8091882467269897,5.357088565826416,nan,0.9634703196347032,0.5238095238095238,0.9502670226969292,0.0,0.0,"[[633, 0, 24], [0, 22, 20], [135, 14, 2847]]","[[576, 188, 80], [516, 939, 469], [129, 145, 653]]",-2.001951217651367,-1.8096981048583984,-2.0818707942962646,7.403487682342529,6.108603000640869,8.019457817077637,nan,nan,nan,nan,nan,nan,nan,nan,nan,nan,nan
33,0.0011297773483667718,uncertainty_weighting,-4.75949232388887,0.35439375057519906,0.07542474307261836,0.10040888763228088,0.0013632446487046668,0.07542474307261836,0.10040888763228088,0.0013632446487046668,0.07542474307261836,0.5020444294568148,0.0017013065700245255,0.2809774496535279,0.0,0.11082341639236384,0.0,0.0,0.0,0.0,0.530895995109749,0.3216201337974352,0.2086067273829722,0.0006691295822297194,0.3216201337974352,0.2086067273829722,0.0006691295822297194,0.3216201337974352,1.0430336225984544,0.0009855221928297686,0.7222594440225335,0.0,3.165268693572414,0.0,0.0,0.0,0.0,3.230564429463402,0.9480378890392422,0.5742895805142084,0.9619882775632116,0.7571527930247091,0.05196211096075778,0.2635994587280108,0.6655879180151025,0.6919431279620853,0.4906832298136646,1.3092765808105469,3.8907644748687744,2.805772066116333,3.002654790878296,3.9971418380737305,2.923164129257202,2.5581820011138916,1.6402397155761719,3.796898126602173,5.296897888183594,1.5450150966644287,5.2969651222229,nan,0.9467275494672754,0.5238095238095238,0.9542723631508678,0.0,0.0,"[[622, 0, 35], [0, 22, 20], [123, 14, 2859]]","[[584, 194, 66], [507, 921, 496], [135, 175, 617]]",-2.0466527938842773,-1.854282259941101,-2.146420478820801,7.741943836212158,6.387112617492676,8.554183006286621,nan,nan,nan,nan,nan,nan,nan,nan,nan,nan,nan
34,0.001119816661487805,uncertainty_weighting,-4.904648745916047,0.34246222975051543,0.07097704907247834,0.09958905317427942,0.0006650131185796507,0.07097704907247834,0.09958905317427942,0.0006650131185796507,0.07097704907247834,0.4979452589324269,0.0008496760669489271,0.2913961990233435,0.0,0.11509292723967524,0.0,0.0,0.0,0.0,0.5193135609646128,0.2947401675787604,0.22408380708852543,0.0004895880242119038,0.2947401675787604,0.22408380708852543,0.0004895880242119038,0.2947401675787604,1.1204190144842145,0.000739141078464213,0.7589463558668051,0.0,3.21224957273842,0.0,0.0,0.0,0.0,3.0083692645296325,0.9388362652232747,0.5791610284167794,0.9600565084800062,0.7642853152376117,0.056562922868741546,0.21271989174560216,0.7303128371089536,0.6587677725118484,0.4968944099378882,1.0806177854537964,3.2728421688079834,3.1512107849121094,1.8727152347564697,3.517641067504883,2.214454412460327,1.8279500007629395,1.6910574436187744,3.0752780437469482,4.575282096862793,0.9384075403213501,4.575859069824219,nan,0.7960426179604262,0.5,0.9763017356475301,0.0,0.0,"[[523, 0, 134], [0, 21, 21], [63, 8, 2925]]","[[556, 177, 111], [471, 907, 546], [113, 137, 677]]",-2.090639114379883,-1.8966341018676758,-2.211365222930908,8.090084075927734,6.66342830657959,9.128170013427734,nan,nan,nan,nan,nan,nan,nan,nan,nan,nan,nan
35,0.0011096194077712563,uncertainty_weighting,-5.066807575642403,0.32589369067674656,0.0657377648692727,0.09632727122931034,0.000881810510843556,0.0657377648692727,0.09632727122931034,0.000881810510843556,0.0657377648692727,0.48163634683434015,0.0011659913312154864,0.2681282706019147,0.0,0.12154556502134176,0.0,0.0,0.0,0.0,0.5211519388771831,0.2976222121263873,0.22299960118911263,0.0005301226959601599,0.2976222121263873,0.22299960118911263,0.0005301226959601599,0.2976222121263873,1.114997988979613,0.0007906704742671905,0.7896335942496789,0.0,2.889508699392179,0.0,0.0,0.0,0.0,2.9547510592746833,0.945872801082544,0.5834912043301759,0.963879510988204,0.7724591973082509,0.05331529093369418,0.2557510148849797,0.7281553398058253,0.6563981042654028,0.5186335403726708,1.1663789749145508,3.5160717964172363,2.5256991386413574,2.384061336517334,3.5160717964172363,2.954726457595825,2.497277021408081,1.8054018020629883,3.5160717964172363,5.016071796417236,0.8856788277626038,5.206894397735596,nan,0.9452054794520548,0.5238095238095238,0.951935914552737,0.0,0.0,"[[621, 0, 36], [0, 22, 20], [142, 2, 2852]]","[[554, 198, 92], [501, 927, 496], [117, 135, 675]]",-2.141184091567993,-1.93939208984375,-2.2761778831481934,8.50950813293457,6.954522132873535,9.739384651184082,nan,nan,nan,nan,nan,nan,nan,nan,nan,nan,nan
36,0.0010991907218414624,uncertainty_weighting,-5.066300702532087,0.348765824841814,0.0767977520802293,0.09684672604794871,0.000738433964443271,0.0767977520802293,0.09684672604794871,0.000738433964443271,0.0767977520802293,0.48423362216215843,0.0010044777085957848,0.26861839852219693,0.0,0.1329326498551232,0.0,0.0,0.0,0.0,0.49898398567762364,0.2718039914058252,0.22603420437350163,0.0011457910334958577,0.2718039914058252,0.22603420437350163,0.0011457910334958577,0.2718039914058252,1.1301709947147291,0.0016969270653221177,0.773385361082983,0.0,2.790815041914421,0.0,0.0,0.0,0.0,3.6655326099242553,0.950744248985115,0.5929634641407308,0.9657311727812447,0.7547576669495306,0.05087956698240866,0.26468200270635994,0.6957928802588996,0.6386255924170616,0.5496894409937888,1.922005534172058,4.570662498474121,4.813940048217773,3.274129629135132,4.595890045166016,4.390659809112549,3.6683757305145264,2.049591302871704,4.618642330169678,5.287561416625977,0.42836034297943115,5.339640140533447,nan,0.9649923896499238,0.5714285714285714,0.9529372496662216,0.0,0.0,"[[634, 0, 23], [0, 24, 18], [134, 7, 2855]]","[[539, 183, 122], [410, 1007, 507], [99, 183, 645]]",-2.1778080463409424,-1.9792590141296387,-2.341074228286743,8.826936721801758,7.2373785972595215,10.39239501953125,nan,nan,nan,nan,nan,nan,nan,nan,nan,nan,nan
37,0.0010885358548558485,uncertainty_weighting,-5.123380446291221,0.35515400527883656,0.08050082824275487,0.09621842434554634,0.000857750052319673,0.08050082824275487,0.09621842434554634,0.000857750052319673,0.08050082824275487,0.48109211241552013,0.0011654701021672797,0.2738250721798408,0.0,0.13063707866672952,0.0,0.0,0.0,0.0,0.4946912231400145,0.26968939639879985,0.22449351864512784,0.0005082983381514398,0.26968939639879985,0.22449351864512784,0.0005082983381514398,0.26968939639879985,1.1224675696176831,0.000781690539490981,0.8174983962301634,0.0,2.581440731837818,0.0,0.0,0.0,0.0,2.5555231897675648,0.9515561569688769,0.5945872801082543,0.9704088609898522,0.7726709486845179,0.006765899864682003,0.24736129905277401,0.6990291262135923,0.6646919431279621,0.532608695652174,1.1730389595031738,2.9631645679473877,3.7439417839050293,2.1347603797912598,2.8896870613098145,3.2953107357025146,1.8129980564117432,1.3608633279800415,2.235093832015991,3.5505614280700684,0.9122517704963684,4.002307415008545,nan,0.9680365296803652,0.5476190476190477,0.9536048064085447,0.0,0.0,"[[636, 0, 21], [0, 23, 19], [131, 8, 2857]]","[[561, 197, 86], [472, 988, 464], [101, 178, 648]]",-2.2093935012817383,-2.017211675643921,-2.4058358669281006,9.110189437866211,7.517334938049316,11.08769416809082,nan,nan,nan,nan,nan,nan,nan,nan,nan,nan,nan
38,0.0010776601718608134,uncertainty_weighting,-5.257698415072746,0.3428505391515356,0.07718331849359039,0.09315334647980451,0.0010886028716308544,0.07718331849359039,0.09315334647980451,0.0010886028716308544,0.07718331849359039,0.46576672657928475,0.0012632456525050362,0.2618670827170539,0.0,0.1427577096118161,0.0,0.0,0.0,0.0,0.506060670870728,0.2837475705533937,0.2214153886043009,0.0008977099754047329,0.2837475705533937,0.2214153886043009,0.0008977099754047329,0.2837475705533937,1.1070769261926694,0.0013230032676954393,0.7543652965670832,0.0,2.4710997575126763,0.0,0.0,0.0,0.0,3.341053749046022,0.9456021650879567,0.5926928281461434,0.9622249447342078,0.7642300588495554,0.05087956698240866,0.26008119079837616,0.6073354908306364,0.716824644549763,0.5279503105590062,1.6594984531402588,4.07588005065918,4.02331018447876,4.133649826049805,4.07588005065918,4.1582441329956055,3.984936237335205,2.0833358764648438,2.966202735900879,4.020507335662842,0.4609238803386688,4.020508289337158,nan,0.943683409436834,0.5714285714285714,0.9512683578104139,0.0,0.0,"[[620, 0, 37], [0, 24, 18], [138, 8, 2850]]","[[605, 195, 44], [573, 1022, 329], [150, 214, 563]]",-2.239582061767578,-2.0546536445617676,-2.47045636177063,9.389406204223633,7.804134845733643,11.82784366607666,nan,nan,nan,nan,nan,nan,nan,nan,nan,nan,nan
39,0.0010665691490902658,uncertainty_weighting,-5.410175462911217,0.3281091222840087,0.0710454719031028,0.09216700436682514,0.0008420854671264095,0.0710454719031028,0.09216700436682514,0.0008420854671264095,0.0710454719031028,0.4608350139873287,0.001123828923379886,0.26714274730905013,0.0,0.10124832690529056,0.0,0.0,0.0,0.0,0.4881581999290941,0.2570761246190826,0.23064039581844706,0.00044167219718359914,0.2570761246190826,0.23064039581844706,0.00044167219718359914,0.2570761246190826,1.153201965808223,0.0006297015148644741,0.8251089258671452,0.0,2.4975415145690127,0.0,0.0,0.0,0.0,2.845109366632469,0.9520974289580514,0.6040595399188092,0.9691530505756725,0.7908358596570931,0.0503382949932341,0.16698240866035183,0.7443365695792881,0.6587677725118484,0.5295031055900621,0.9799495935440063,3.3853607177734375,2.360785484313965,1.7178747653961182,3.7856149673461914,2.2922146320343018,1.8696186542510986,2.3545541763305664,3.7856149673461914,5.285614967346191,0.6901251077651978,5.285614967346191,nan,0.9604261796042618,0.5714285714285714,0.955607476635514,0.0,0.0,"[[631, 0, 26], [0, 24, 18], [127, 6, 2863]]","[[556, 207, 81], [447, 986, 491], [86, 151, 690]]",-2.2736480236053467,-2.0914859771728516,-2.5351505279541016,9.714776039123535,8.096938133239746,12.618330955505371,nan,nan,nan,nan,nan,nan,nan,nan,nan,nan,nan
40,0.001055268371208177,uncertainty_weighting,-5.557483922693083,0.31482110582835243,0.066211614332486,0.09037020814533105,0.0008287311056574732,0.066211614332486,0.09037020814533105,0.0008287311056574732,0.066211614332486,0.4518510317912775,0.0010521998747474038,0.2595686467422015,0.0,0.16027355543486407,0.0,0.0,0.0,0.0,0.5415498059560546,0.2998152477815445,0.23963539403572134,0.0020991660814596207,0.2998152477815445,0.23963539403572134,0.0020991660814596207,0.2998152477815445,1.1981769454011413,0.0030106209921719903,0.8720139073260905,0.0,2.670614513766558,0.0,0.0,0.0,0.0,4.372357009187332,0.9461434370771312,0.5975642760487144,0.9632217808228676,0.7705772234902459,0.052232746955345064,0.24303112313937753,0.7292340884573895,0.6303317535545023,0.5217391304347826,2.613595962524414,5.44009256362915,4.584468364715576,4.6277079582214355,5.524663925170898,5.706353664398193,4.450387954711914,3.5788521766662598,4.794304370880127,5.087504863739014,-0.8264988660812378,5.852168560028076,nan,0.9619482496194824,0.5476190476190477,0.94826435246996,0.0,0.0,"[[632, 0, 25], [0, 23, 19], [141, 14, 2841]]","[[532, 212, 100], [438, 1000, 486], [90, 161, 676]]",-2.3134820461273193,-2.127241373062134,-2.5999338626861572,10.109564781188965,8.391685485839844,13.462848663330078,nan,nan,nan,nan,nan,nan,nan,nan,nan,nan,nan
41,0.0010437635284965335,uncertainty_weighting,-5.631502228659044,0.3166988112257342,0.06726192778204139,0.09009943625501672,0.0009880414839247538,0.06726192778204139,0.09009943625501672,0.0009880414839247538,0.06726192778204139,0.4504971752092319,0.0012979820618647432,0.2584554664774854,0.0,0.11043260419215582,0.0,0.0,0.0,0.0,0.4928576657833363,0.26207060575969165,0.22887643277241831,0.0019106174671722524,0.26207060575969165,0.22887643277241831,0.0019106174671722524,0.26207060575969165,1.1443821401170207,0.0028464252546338896,0.8138486691192297,0.0,3.0186418049225843,0.0,0.0,0.0,0.0,4.7374290284489655,0.950744248985115,0.6078484438430312,0.9719127066259954,0.7783869007683213,0.005683355886332882,0.23410013531799728,0.7292340884573895,0.6658767772511849,0.515527950310559,2.410079002380371,6.145205020904541,5.559396266937256,4.58531379699707,6.442279815673828,7.548515319824219,5.139562129974365,4.773462772369385,3.893533229827881,4.351010799407959,1.9972844123840332,7.408334732055664,nan,0.9634703196347032,0.5476190476190477,0.9536048064085447,0.0,0.0,"[[633, 0, 24], [0, 23, 19], [127, 12, 2857]]","[[562, 196, 86], [472, 1008, 444], [108, 143, 676]]",-2.349517345428467,-2.1603899002075195,-2.664562463760376,10.480509757995605,8.674519538879395,14.361664772033691,nan,nan,nan,nan,nan,nan,nan,nan,nan,nan,nan
42,0.0010320604139901078,uncertainty_weighting,-5.784741288788111,0.3018413277973864,0.0643267390510407,0.08569640759373037,0.000897515902788838,0.0643267390510407,0.08569640759373037,0.000897515902788838,0.0643267390510407,0.4284820308489277,0.0011461356571401146,0.24075777545707455,0.0,0.12171771359874874,0.0,0.0,0.0,0.0,0.5002231877614746,0.2721432351775679,0.22711033531148314,0.0009696158696267204,0.2721432351775679,0.22711033531148314,0.0009696158696267204,0.2721432351775679,1.1355516669553414,0.0014274813562470295,0.8367896600892322,0.0,2.3386425495280174,0.0,0.0,0.0,0.0,3.762441533271428,0.9399188092016239,0.6,0.9618727433792394,0.7867295467320411,0.05493910690121786,0.22381596752368066,0.6893203883495146,0.7061611374407583,0.5217391304347826,1.7028679847717285,4.360939979553223,4.802006244659424,2.7727293968200684,4.362452030181885,4.461854457855225,3.462071657180786,2.405951499938965,3.922781467437744,5.422781467437744,1.3243619203567505,5.606286525726318,nan,0.8234398782343988,0.5476190476190477,0.9709612817089452,0.0,0.0,"[[541, 0, 116], [0, 23, 19], [72, 15, 2909]]","[[596, 180, 68], [585, 982, 357], [132, 156, 639]]",-2.3847155570983887,-2.1958060264587402,-2.729081153869629,10.855974197387695,8.987241744995117,15.318804740905762,nan,nan,nan,nan,nan,nan,nan,nan,nan,nan,nan
43,0.001020164920559494,uncertainty_weighting,-5.855245834730002,0.30424793155016344,0.06499721692066254,0.08632126455091292,0.0008054841734942289,0.06499721692066254,0.08632126455091292,0.0008054841734942289,0.06499721692066254,0.4316063173810773,0.0010722834967948488,0.24833987517577275,0.0,0.10129796737053412,0.0,0.0,0.0,0.0,0.49268665124986105,0.2604812859198399,0.23074849435053918,0.001456869943590434,0.2604812859198399,0.23074849435053918,0.001456869943590434,0.2604812859198399,1.1537424543391062,0.0019285110876793407,0.936965277891843,0.0,2.55797744307628,0.0,0.0,0.0,0.0,4.490444826792571,0.9477672530446549,0.5902571041948579,0.9647427488631533,0.7904974057364464,0.05087956698240866,0.22002706359945873,0.7152103559870551,0.6504739336492891,0.5077639751552795,1.8736796379089355,5.571545600891113,5.049954414367676,3.5897395610809326,5.857235431671143,6.410714149475098,3.778576612472534,4.466941833496094,6.729214668273926,5.742007255554199,-0.96642005443573,5.245102405548096,nan,0.9406392694063926,0.5476190476190477,0.9549399198931909,0.0,0.0,"[[618, 0, 39], [0, 23, 19], [128, 7, 2861]]","[[549, 178, 117], [484, 969, 471], [108, 156, 663]]",-2.417982816696167,-2.22782826423645,-2.7938222885131836,11.223196983337402,9.279691696166992,16.343368530273438,nan,nan,nan,nan,nan,nan,nan,nan,nan,nan,nan
44,0.0010080830379438667,uncertainty_weighting,-5.959927943016947,0.300025105788304,0.06255062313281486,0.08679138246550232,0.0006705466203350814,0.06255062313281486,0.08679138246550232,0.0006705466203350814,0.06255062313281486,0.4339569047615369,0.000872312057713473,0.2452407088136347,0.0,0.11889624762009907,0.0,0.0,0.0,0.0,0.5337412066808089,0.30185517933275124,0.23136282549094767,0.000523202691519575,0.30185517933275124,0.23136282549094767,0.000523202691519575,0.30185517933275124,1.1568141166831547,0.0006875454289687442,0.9004094026085488,0.0,2.7435279350343262,0.0,0.0,0.0,0.0,2.9932820976491294,0.9442489851150203,0.5799729364005413,0.9648158593358268,0.7965402267983576,0.009201623815967524,0.22246278755074425,0.6051779935275081,0.7334123222748815,0.5124223602484472,1.0655889511108398,3.0944676399230957,2.4226675033569336,2.0747902393341064,3.5204083919525146,2.5708189010620117,2.2503652572631836,2.193063735961914,3.5953357219696045,5.095335960388184,1.332960605621338,5.0967183113098145,nan,0.9726027397260274,0.5,0.9442590120160214,0.0,0.023809523809523808,"[[639, 0, 18], [1, 21, 20], [149, 18, 2829]]","[[619, 173, 52], [624, 963, 337], [157, 209, 561]]",-2.4523260593414307,-2.256023406982422,-2.858529567718506,11.615333557128906,9.545056343078613,17.435869216918945,nan,nan,nan,nan,nan,nan,nan,nan,nan,nan,nan
45,0.0009958208497349687,uncertainty_weighting,-6.116758694355354,0.28466070503207397,0.06032192072236601,0.08126304548404359,0.0007453859430378089,0.06032192072236601,0.08126304548404359,0.0007453859430378089,0.06032192072236601,0.406315219211913,0.0009687969763999897,0.22690393632495676,0.0,0.11523323944694445,0.0,0.0,0.0,0.0,0.5155509801936892,0.2966194718551894,0.2185522090719259,0.0003792952984654633,0.2966194718551894,0.2185522090719259,0.0003792952984654633,0.2966194718551894,1.092761029426074,0.0005738969704329071,0.8057522625658605,0.0,2.0543883757558614,0.0,0.0,0.0,0.0,2.5580709785016738,0.9396481732070365,0.6159675236806496,0.9615553690105846,0.8012344734938734,0.0557510148849797,0.2,0.6839266450916937,0.7191943127962085,0.5636645962732919,1.017907738685608,2.793613910675049,2.335811138153076,2.1906185150146484,2.948523998260498,2.5577661991119385,2.160637140274048,2.8346669673919678,2.6248953342437744,4.124895095825195,0.3799348473548889,4.124895095825195,nan,0.9299847792998478,0.7142857142857143,0.9449265687583445,0.0,0.0,"[[611, 0, 46], [0, 30, 12], [123, 42, 2831]]","[[607, 187, 50], [480, 1035, 409], [117, 176, 634]]",-2.4871203899383545,-2.2885849475860596,-2.923269033432007,12.026594161987305,9.860973358154297,18.60199737548828,nan,nan,nan,nan,nan,nan,nan,nan,nan,nan,nan
46,0.000983384530313839,uncertainty_weighting,-6.22213254928935,0.28064941071657673,0.05785763145874226,0.08171882018941855,0.00074825286951301,0.05785763145874226,0.08171882018941855,0.00074825286951301,0.05785763145874226,0.40859409146945297,0.0009475985473241384,0.2413921370345961,0.0,0.13616468552076563,0.0,0.0,0.0,0.0,0.5781743137213794,0.340938958537756,0.23589770670108123,0.00133765731268362,0.340938958537756,0.23589770670108123,0.00133765731268362,0.340938958537756,1.1794885194995246,0.0018118494002498857,0.8790373745403367,0.0,3.2251833773065606,0.0,0.0,0.0,0.0,4.0128096058790135,0.943978349120433,0.6238159675236806,0.9638872844869986,0.7967350084650165,0.052232746955345064,0.2040595399188092,0.6612729234088457,0.7037914691943128,0.5636645962732919,1.952054738998413,4.530447959899902,4.479007244110107,3.647749423980713,4.63018274307251,5.310007095336914,3.3680779933929443,3.9799551963806152,4.195926666259766,5.340986728668213,2.4813148975372314,5.621491432189941,nan,0.9406392694063926,0.47619047619047616,0.9512683578104139,0.0,0.0,"[[618, 0, 39], [0, 20, 22], [131, 15, 2850]]","[[594, 185, 65], [445, 1098, 381], [111, 203, 613]]",-2.521836280822754,-2.3187124729156494,-2.9879701137542725,12.451440811157227,10.162581443786621,19.84535789489746,nan,nan,nan,nan,nan,nan,nan,nan,nan,nan,nan
47,0.0009707803417418253,uncertainty_weighting,-6.240490351104644,0.28827710983303023,0.06524704421967155,0.0778845881965374,0.0010069243027240535,0.06524704421967155,0.0778845881965374,0.0010069243027240535,0.06524704421967155,0.3894229350822635,0.001296941925440171,0.21660622847268468,0.0,0.12558995222463598,0.0,0.0,0.0,0.0,0.5908424122246418,0.33774404208779496,0.2519884611942449,0.0011099077393811232,0.33774404208779496,0.2519884611942449,0.0011099077393811232,0.33774404208779496,1.259942279713725,0.001670684821019012,0.9767578173554798,0.0,3.084577925428899,0.0,0.0,0.0,0.0,4.014894066686034,0.933423545331529,0.6156968876860622,0.9608885666099537,0.8061581191668338,0.0571041948579161,0.1878213802435724,0.7259978425026968,0.6220379146919431,0.5403726708074534,1.8447245359420776,4.693417549133301,3.5548417568206787,2.82641339302063,4.827226638793945,4.981297969818115,3.0691189765930176,4.624129295349121,4.445069789886475,5.159114360809326,-0.5940195918083191,4.230303764343262,nan,0.8112633181126332,0.40476190476190477,0.9676234979973297,0.0,0.07142857142857142,"[[533, 0, 124], [3, 17, 22], [68, 29, 2899]]","[[525, 229, 90], [361, 1077, 486], [81, 173, 673]]",-2.545011281967163,-2.350494384765625,-3.052163600921631,12.74337100982666,10.490755081176758,21.16107940673828,nan,nan,nan,nan,nan,nan,nan,nan,nan,nan,nan
48,0.0009580146306074489,uncertainty_weighting,-6.418266720488786,0.27336917734562977,0.056604319392879326,0.07958230482081592,0.0004979641548790575,0.056604319392879326,0.07958230482081592,0.0004979641548790575,0.056604319392879326,0.3979115150456449,0.0006757255291409164,0.24402431633700492,0.0,0.10541236928640038,0.0,0.0,0.0,0.0,0.5022645572202938,0.2796009631456961,0.22205146785437335,0.0006121342966278841,0.2796009631456961,0.22205146785437335,0.0006121342966278841,0.2796009631456961,1.1102573211364075,0.0009291954892744211,0.8294519432987992,0.0,2.263235012497264,0.0,0.0,0.0,0.0,3.080888826106286,0.9445196211096076,0.6062246278755075,0.9676543022649742,0.7951816632032811,0.0503382949932341,0.22868741542625168,0.6310679611650486,0.7132701421800948,0.5450310559006211,1.1837691068649292,4.082414627075195,2.5843122005462646,2.5440492630004883,4.341612339019775,3.1306231021881104,2.9393954277038574,1.562016487121582,3.6250364780426025,5.125036239624023,0.6095893979072571,5.338589668273926,nan,0.923896499238965,0.5952380952380952,0.9539385847797063,0.0,0.0,"[[607, 0, 50], [0, 25, 17], [121, 17, 2858]]","[[602, 198, 44], [494, 1053, 377], [138, 204, 585]]",-2.5771257877349854,-2.3776094913482666,-3.117034673690796,13.159261703491211,10.779105186462402,22.579326629638672,nan,nan,nan,nan,nan,nan,nan,nan,nan,nan,nan
49,0.0009450938248307052,uncertainty_weighting,-6.496070560868664,0.2719979642418957,0.05790095251546926,0.07741109307967381,0.0006869362618788712,0.05790095251546926,0.07741109307967381,0.0006869362618788712,0.05790095251546926,0.38705545874788405,0.0008942633645406293,0.21681472127802454,0.0,0.1074704778178832,0.0,0.0,0.0,0.0,0.5209158568646814,0.2850812394499617,0.23484311006227268,0.0009915074254468043,0.2850812394499617,0.23484311006227268,0.0009915074254468043,0.2850812394499617,1.1742155359949569,0.0014735716944862867,0.9299722546653593,0.0,2.7451310585734356,0.0,0.0,0.0,0.0,3.4972570715514237,0.9493910690121786,0.6138024357239513,0.971986330224711,0.8064912313260465,0.004871447902571042,0.20757780784844385,0.6763754045307443,0.6966824644549763,0.5450310559006211,1.757572054862976,4.307709693908691,4.321629047393799,4.309340000152588,4.307254314422607,4.786057949066162,5.097471714019775,2.8040521144866943,3.2723493576049805,3.832237482070923,-0.09311772137880325,3.4960319995880127,nan,0.9634703196347032,0.5476190476190477,0.951935914552737,0.0,0.0,"[[633, 0, 24], [0, 23, 19], [130, 14, 2852]]","[[588, 195, 61], [464, 1053, 407], [92, 208, 627]]",-2.604060411453247,-2.403909206390381,-3.1816959381103516,13.51851749420166,11.066352844238281,24.087570190429688,nan,nan,nan,nan,nan,nan,nan,nan,nan,nan,nan
50,0.0009320244304264125,uncertainty_weighting,-6.521249840239213,0.279331466585706,0.061002913468504234,0.07808920095370263,0.0005736192718631219,0.061002913468504234,0.07808920095370263,0.0005736192718631219,0.061002913468504234,0.3904459970718186,0.0007745589258613998,0.2176716220657264,0.0,0.11882406203978993,0.0,0.0,0.0,0.0,0.5691412205947752,0.3172517243757622,0.25112631178192585,0.0007631809501253391,0.3172517243757622,0.25112631178192585,0.0007631809501253391,0.3172517243757622,1.2556315435608283,0.0011371269223818376,0.9398345292824369,0.0,2.651944201280576,0.0,0.0,0.0,0.0,3.1349884473986482,0.9353179972936401,0.5970230040595399,0.9651774784009066,0.8019829576766713,0.05331529093369418,0.19702300405953993,0.6709816612729234,0.6954976303317536,0.5357142857142857,1.6794134378433228,3.407086133956909,3.3846654891967773,3.3493125438690186,3.420156955718994,3.730255365371704,3.5847978591918945,2.7099599838256836,2.786703109741211,3.9169657230377197,-0.581228494644165,3.6690218448638916,nan,0.9360730593607306,0.47619047619047616,0.9415887850467289,0.0,0.023809523809523808,"[[615, 0, 42], [1, 20, 21], [160, 15, 2821]]","[[587, 210, 47], [547, 997, 380], [132, 173, 622]]",-2.6240878105163574,-2.4283926486968994,-3.24641752243042,13.791988372802734,11.340639114379883,25.69811248779297,nan,nan,nan,nan,nan,nan,nan,nan,nan,nan,nan
51,0.0009188130282282382,uncertainty_weighting,-6.698156304278371,0.2619214344081634,0.05689623880421692,0.07324678911272227,0.0008176900050909932,0.05689623880421692,0.07324678911272227,0.0008176900050909932,0.05689623880421692,0.36623393610129734,0.0010757864917122998,0.21000073695905455,0.0,0.07899734263926586,0.0,0.0,0.0,0.0,0.5682232257800431,0.32425640160079255,0.24226165905453678,0.0017051589851682257,0.32425640160079255,0.24226165905453678,0.0017051589851682257,0.32425640160079255,1.2113082670875106,0.002538861180321693,0.9387525717363628,0.0,3.613233031802092,0.0,0.0,0.0,0.0,4.315092865611161,0.9388362652232747,0.6232746955345061,0.9689103584460996,0.816455044049467,0.008930987821380243,0.17726657645466848,0.6666666666666666,0.6789099526066351,0.5791925465838509,2.3520443439483643,5.366227149963379,4.7883148193359375,2.9021434783935547,5.60468864440918,5.274178981781006,3.6252236366271973,2.6977624893188477,5.460264205932617,6.096549987792969,2.1492013931274414,8.083306312561035,nan,0.943683409436834,0.5,0.9439252336448598,0.0,0.023809523809523808,"[[620, 0, 37], [1, 21, 20], [164, 4, 2828]]","[[573, 212, 59], [454, 1112, 358], [123, 186, 618]]",-2.651155948638916,-2.4551308155059814,-3.3107383251190186,14.17041015625,11.647957801818848,27.405353546142578,nan,nan,nan,nan,nan,nan,nan,nan,nan,nan,nan
52,0.0009054662705750502,uncertainty_weighting,-6.774020166418443,0.2621329979791537,0.05543091196819921,0.0749081589186449,0.0007274281513793879,0.05543091196819921,0.0749081589186449,0.0007274281513793879,0.05543091196819921,0.3745407861617943,0.0009427486080569262,0.20869344761460465,0.0,0.09174063140317189,0.0,0.0,0.0,0.0,0.5268059171585011,0.2943722735964397,0.23194921505064053,0.00048442506358967603,0.2943722735964397,0.23194921505064053,0.00048442506358967603,0.2943722735964397,1.1597460520928864,0.0007244790150438648,0.8710723943897448,0.0,2.9951185261587194,0.0,0.0,0.0,0.0,2.645866999802421,0.9428958051420839,0.6051420838971583,0.9690640152100354,0.8120375579196015,0.008930987821380243,0.19269282814614344,0.6461704422869471,0.7488151658767772,0.5403726708074534,1.1153638362884521,3.2475180625915527,2.924987554550171,1.6931602954864502,3.267102003097534,2.7073252201080322,1.9592021703720093,2.186131477355957,2.267101764678955,3.767179012298584,0.6853485703468323,5.163737773895264,nan,0.9604261796042618,0.5238095238095238,0.9449265687583445,0.0,0.0,"[[631, 0, 26], [0, 22, 20], [144, 21, 2831]]","[[632, 170, 42], [550, 1005, 369], [129, 199, 599]]",-2.6765353679656982,-2.476991653442383,-3.375201940536499,14.534649848937988,11.9053955078125,29.230186462402344,nan,nan,nan,nan,nan,nan,nan,nan,nan,nan,nan
53,0.0008919908779612642,uncertainty_weighting,-6.90120100082175,0.254643991215417,0.05269273315962649,0.0741226578264179,0.0005066044626239581,0.05269273315962649,0.0741226578264179,0.0005066044626239581,0.05269273315962649,0.370613283050912,0.0007008358418934004,0.2136103998793254,0.0,0.1319934614600391,0.0,0.0,0.0,0.0,0.5309673996674998,0.29413139474892,0.23639231052789056,0.00044368946279244086,0.29413139474892,0.23639231052789056,0.00044368946279244086,0.29413139474892,1.1819615314068104,0.0006648562077926888,0.962264416440414,0.0,3.0925299886352318,0.0,0.0,0.0,0.0,2.878368341554231,0.9434370771312585,0.6116373477672531,0.9709443762876822,0.8177125154623114,0.008389715832205684,0.18159675236806494,0.7540453074433657,0.7156398104265402,0.5263975155279503,1.0222656726837158,3.40510630607605,2.6497600078582764,1.928840160369873,3.652413845062256,3.369223117828369,1.9071427583694458,3.6185879707336426,2.962616205215454,4.513890266418457,0.375188946723938,4.462736129760742,nan,0.9375951293759512,0.5,0.9509345794392523,0.0,0.0,"[[616, 0, 41], [0, 21, 21], [139, 8, 2849]]","[[604, 171, 69], [475, 957, 492], [103, 125, 699]]",-2.705758571624756,-2.4983913898468018,-3.4398958683013916,14.965664863586426,12.16291332244873,31.1837100982666,nan,nan,nan,nan,nan,nan,nan,nan,nan,nan,nan
54,0.0008783936356528727,uncertainty_weighting,-6.892126198825793,0.2627279501827769,0.05942619185683097,0.07087713315333795,0.0010606504880005464,0.05942619185683097,0.07087713315333795,0.0010606504880005464,0.05942619185683097,0.3543856605816193,0.0012631795069658496,0.18523231677819643,0.0,0.09490418171166098,0.0,0.0,0.0,0.0,0.5457578108339736,0.30965660337020967,0.23545839434870203,0.0006428145756094347,0.30965660337020967,0.23545839434870203,0.0006428145756094347,0.30965660337020967,1.1772919510956223,0.0009641552407291991,0.9650288912053038,0.0,2.734822694829776,0.0,0.0,0.0,0.0,3.0835691130593443,0.9364005412719891,0.6219215155615697,0.9689175709949883,0.8293792902854109,0.010825439783491205,0.13423545331529094,0.7162891046386192,0.7085308056872038,0.5388198757763976,1.1615464687347412,3.9720261096954346,3.2229466438293457,1.9569603204727173,4.294370174407959,4.5451178550720215,1.9447296857833862,2.1828794479370117,2.801358699798584,3.795527935028076,1.4445494413375854,6.338912487030029,nan,0.9223744292237442,0.5238095238095238,0.945260347129506,0.0,0.0,"[[606, 0, 51], [0, 22, 20], [150, 14, 2832]]","[[598, 210, 36], [512, 1036, 376], [131, 132, 664]]",-2.720381736755371,-2.522047281265259,-3.5035958290100098,15.186118125915527,12.45406723022461,33.234745025634766,nan,nan,nan,nan,nan,nan,nan,nan,nan,nan,nan
55,0.0008646813902708586,uncertainty_weighting,-7.008061937789922,0.25692257489581977,0.057277722291297246,0.07049127278552095,0.0006922919220644276,0.057277722291297246,0.07049127278552095,0.0006922919220644276,0.057277722291297246,0.3524563570616574,0.0009182169839382405,0.20296503326152024,0.0,0.1249455057503771,0.0,0.0,0.0,0.0,0.546637485217661,0.2981717084596218,0.24806568150752614,0.00040009568399070424,0.2981717084596218,0.24806568150752614,0.00040009568399070424,0.2981717084596218,1.2403283911564353,0.000597164750711032,0.9862702738770935,0.0,3.5231378238481823,0.0,0.0,0.0,0.0,2.6405944958636387,0.945872801082544,0.6092016238159675,0.9772484605965418,0.8316121100528298,0.008930987821380243,0.13721244925575102,0.7044228694714132,0.6919431279620853,0.5481366459627329,0.914176344871521,3.5952272415161133,2.506300449371338,1.9655221700668335,3.6340699195861816,2.6684682369232178,2.0559756755828857,2.18581485748291,2.6340699195861816,4.134069919586182,0.3734951913356781,4.134082794189453,nan,0.9467275494672754,0.40476190476190477,0.9532710280373832,0.0,0.047619047619047616,"[[622, 0, 35], [2, 17, 23], [135, 5, 2856]]","[[584, 202, 58], [504, 1014, 406], [101, 173, 653]]",-2.7402021884918213,-2.5462985038757324,-3.5678961277008057,15.490116119384766,12.759786605834961,35.44194793701172,nan,nan,nan,nan,nan,nan,nan,nan,nan,nan,nan
56,0.0008508610463437157,uncertainty_weighting,-7.057508885200534,0.25880568126951603,0.06037894420840071,0.06844078252141925,0.0005831137753521494,0.06037894420840071,0.06844078252141925,0.0005831137753521494,0.06037894420840071,0.3422039071335407,0.0007752770671548393,0.1820892408518128,0.0,0.10214433665301371,0.0,0.0,0.0,0.0,0.6072502693078192,0.3519556134334275,0.2539696433305418,0.0013250009359033206,0.3519556134334275,0.2539696433305418,0.0013250009359033206,0.3519556134334275,1.2698481930447527,0.0019478843236752912,1.0039820267641173,0.0,3.160562347984685,0.0,0.0,0.0,0.0,3.936648053754269,0.9377537212449256,0.6313937753721245,0.9666106795346291,0.8239147226522655,0.0530446549391069,0.1702300405953992,0.6774541531823085,0.7049763033175356,0.562111801242236,1.9741251468658447,5.0047197341918945,5.402506351470947,2.5699634552001953,5.104840278625488,5.432898998260498,3.298598289489746,2.223017454147339,4.274394989013672,5.021671772003174,1.7272353172302246,6.390616416931152,nan,0.9147640791476408,0.47619047619047616,0.9492656875834445,0.0,0.023809523809523808,"[[601, 0, 56], [1, 20, 21], [140, 12, 2844]]","[[595, 204, 45], [442, 1110, 372], [115, 184, 628]]",-2.7459497451782227,-2.5694708824157715,-3.6324284076690674,15.579402923583984,13.05891227722168,37.804508209228516,nan,nan,nan,nan,nan,nan,nan,nan,nan,nan,nan
57,0.0008369395628308111,uncertainty_weighting,-7.20449682314532,0.24818044890436577,0.05612638164116694,0.06738194760023715,0.0005818954383993086,0.05612638164116694,0.06738194760023715,0.0005818954383993086,0.05612638164116694,0.336909731935334,0.000772058096959009,0.18306401757894955,0.0,0.09360255158316796,0.0,0.0,0.0,0.0,0.568613184337203,0.3157649159108834,0.252450018217825,0.00039824998398161466,0.3157649159108834,0.252450018217825,0.00039824998398161466,0.3157649159108834,1.262250073675535,0.0006034711556205418,1.0361840267626616,0.0,3.5013173700830773,0.0,0.0,0.0,0.0,2.6916730978153933,0.9431664411366711,0.6349120433017591,0.9662043277661314,0.830661839789237,0.05006765899864682,0.1742895805142084,0.7357065803667745,0.6623222748815166,0.5652173913043478,0.9267973899841309,3.1238884925842285,2.2265849113464355,1.399756669998169,3.4799909591674805,2.3688414096832275,1.6355795860290527,1.853357195854187,3.4799909591674805,4.9799909591674805,0.8277560472488403,4.98013162612915,nan,0.9528158295281582,0.35714285714285715,0.9492656875834445,0.0,0.047619047619047616,"[[626, 0, 31], [2, 15, 25], [136, 16, 2844]]","[[559, 224, 61], [388, 1105, 431], [84, 161, 682]]",-2.7609431743621826,-2.594514846801758,-3.6968653202056885,15.814751625061035,13.390089988708496,40.32071304321289,nan,nan,nan,nan,nan,nan,nan,nan,nan,nan,nan
58,0.0008229239496183386,uncertainty_weighting,-7.372577419571799,0.23570059918255287,0.04955856958043013,0.0677121435963413,0.0005795864207909614,0.04955856958043013,0.0677121435963413,0.0005795864207909614,0.04955856958043013,0.3385607132505495,0.0007704644146397276,0.1894892034847649,0.0,0.09358739342240861,0.0,0.0,0.0,0.0,0.5437511701867771,0.2771964432422137,0.2658279477380448,0.0007267750897640123,0.2771964432422137,0.2658279477380448,0.0007267750897640123,0.2771964432422137,1.3291397094726562,0.0010109191706230175,1.1400658023373522,0.0,2.463485683881015,0.0,0.0,0.0,0.0,3.1458124969904846,0.9453315290933694,0.6194857916102842,0.9674679196667461,0.8301712031134265,0.050608930987821384,0.17239512855209743,0.6709816612729234,0.7002369668246445,0.5527950310559007,1.241744041442871,3.915923833847046,3.3892946243286133,2.4321889877319336,3.91595458984375,3.305370330810547,2.2345030307769775,3.0616471767425537,2.915954828262329,4.415980339050293,1.5117439031600952,6.3327765464782715,nan,0.9421613394216134,0.5476190476190477,0.9516021361815754,0.0,0.023809523809523808,"[[619, 0, 38], [1, 23, 18], [129, 16, 2851]]","[[591, 208, 45], [472, 1076, 376], [99, 206, 622]]",-2.7873032093048096,-2.613304853439331,-3.761348247528076,16.237171173095703,13.644067764282227,43.006370544433594,nan,nan,nan,nan,nan,nan,nan,nan,nan,nan,nan
