epoch,lr,loss_mode,train_loss,train_loss_fixed_total,train_loss_main,train_loss_turn,train_loss_theta,train_loss_main_raw,train_loss_turn_raw,train_loss_theta_raw,val_loss,val_loss_main,val_loss_turn,val_loss_theta,val_loss_main_raw,val_loss_turn_raw,val_loss_theta_raw,val_score,val_acc_main,val_acc_turn,val_main_confidence_mean,val_turn_confidence_mean,val_main_low_conf_0p60_ratio,val_turn_low_conf_0p60_ratio,val_turn_left_recall,val_turn_right_recall,val_acc_turn_transition,val_theta_mae_deg,val_theta_abs_le_10_p95_abs_err_deg,val_theta_neg_10_8_p95_abs_err_deg,val_theta_pos_8_10_p95_abs_err_deg,val_theta_abs_le_8_p95_abs_err_deg,val_theta_neg_8_6_p95_abs_err_deg,val_theta_pos_6_8_p95_abs_err_deg,val_theta_neg_2_0p5_p95_abs_err_deg,val_theta_pos_0p5_2_p95_abs_err_deg,val_theta_flat_abs_p95_deg,val_theta_flat_bias_deg,val_theta_near_flat_abs_p95_deg,val_theta_true_zero_abs_p95_deg,val_flat_recall,val_stall_recall,val_slope_recall,s_main,s_turn,s_theta,weight_main,weight_turn,weight_theta,task_weight_main,task_weight_turn,task_weight_theta,initial_loss_main,initial_loss_turn,initial_loss_theta,grad_norm_main,grad_norm_turn,grad_norm_theta,gradnorm_loss,gradnorm_unstable
1,0.0009998286624877785,uncertainty_weighting,0.896579225769103,1.9185573613191447,0.7387734276769209,0.2036393007563408,0.01686595371268544,0.7387734276769209,1.018196492703873,0.019994182245089944,0.7364176888588478,0.5285830722126167,0.2037334658739854,0.004101155506993905,0.5285830722126167,1.0186673144687657,0.005215752931470518,8.194725857152626,0.8127198917456022,0.4181326116373478,0.7384884539998399,0.4803266979748767,0.22029769959404602,0.8717185385656292,0.6202804746494067,0.5853080568720379,0.2950310559006211,3.072162389755249,8.630341529846191,9.26002025604248,7.51701545715332,8.683579444885254,10.28228759765625,8.223238945007324,9.155749320983887,4.932718276977539,7.571593761444092,2.214405059814453,8.859251022338867,nan,0.5753424657534246,0.0,0.8761682242990654,-0.04796494171023369,-0.06513955444097519,-0.06586974114179611,1.0491338968276978,1.067307949066162,1.0680875778198242,nan,nan,nan,nan,nan,nan,nan,nan,nan,nan,nan
2,0.0009993147673772868,uncertainty_weighting,0.3419382584885451,1.147221992428228,0.37622597101228167,0.19207965269918284,0.005305371593695903,0.37622597101228167,0.9603982515643473,0.00679651685506448,0.5117842204193301,0.31190374079028066,0.19735693419011907,0.002523546554406548,0.31190374079028066,0.9867846507503474,0.0033430271254567597,5.6545801665457525,0.912043301759134,0.42462787550744246,0.8608278561617009,0.5240354938127787,0.11366711772665765,0.7677943166441137,0.6882416396979504,0.6054502369668247,0.327639751552795,2.5651230812072754,6.573098659515381,8.075790405273438,6.296836853027344,6.344404697418213,8.294485092163086,6.207473278045654,6.387748718261719,3.8226563930511475,5.273289203643799,1.0284849405288696,6.2769012451171875,nan,0.939117199391172,0.21428571428571427,0.9158878504672897,-0.13707682490348816,-0.13008740544319153,-0.1313333511352539,1.1469162702560425,1.138927936553955,1.1403478384017944,nan,nan,nan,nan,nan,nan,nan,nan,nan,nan,nan
3,0.000998458666866564,uncertainty_weighting,0.012421460749990633,0.8710108157388167,0.24524781082119163,0.18605690522904736,0.00420069691058066,0.24524781082119163,0.9302845058052284,0.0054229150397027024,0.48051747952327034,0.2810798245450641,0.19664824233568085,0.0027894079432531646,0.2810798245450641,0.9832411948495692,0.0037391612531821445,6.0802240598479536,0.9212449255751015,0.4622462787550744,0.9116377178015561,0.5486522685141185,0.06928281461434371,0.7060893098782138,0.6289104638619202,0.5841232227488151,0.3338509316770186,2.689194679260254,6.97127103805542,7.415844440460205,5.992099761962891,7.025702476501465,7.017880916595459,6.53416109085083,4.524958610534668,6.467464447021484,6.667477607727051,-1.3212604522705078,7.225240230560303,nan,0.7686453576864536,0.21428571428571427,0.9646194926568759,-0.22227539122104645,-0.19460876286029816,-0.19664177298545837,1.2489153146743774,1.214835524559021,1.2173078060150146,nan,nan,nan,nan,nan,nan,nan,nan,nan,nan,nan
4,0.0009972609476841365,uncertainty_weighting,-0.2291629687343797,0.7633278662175115,0.19655621646698868,0.1815401275499495,0.003567589423617802,0.19655621646698868,0.9077006192560443,0.00466984278557422,0.5561320882688839,0.3525059279311494,0.201998156228472,0.0016280047105264842,0.3525059279311494,1.0099907647611646,0.0021797782105062264,5.383384468937105,0.8922868741542626,0.42002706359945874,0.9176711039682534,0.5630535216190302,0.0408660351826793,0.6113667117726658,0.5609492988133765,0.6812796208530806,0.32608695652173914,2.0462169647216797,5.354549884796143,5.811519145965576,5.903362274169922,5.146036148071289,5.511177062988281,5.742646217346191,4.328824996948242,4.631372928619385,5.110932350158691,-0.605908989906311,6.196857452392578,nan,0.6879756468797564,0.23809523809523808,0.9462616822429907,-0.302390456199646,-0.25871071219444275,-0.26186975836753845,1.353089451789856,1.2952589988708496,1.299357295036316,nan,nan,nan,nan,nan,nan,nan,nan,nan,nan,nan
5,0.000995722430686905,uncertainty_weighting,-0.43315151491213627,0.7158839176337107,0.17777554065456075,0.17743004267640092,0.0027363735063402014,0.17777554065456075,0.8871501966038866,0.003560842596763804,0.41759457166365904,0.21791910076657556,0.1982120904653095,0.0014633758103850527,0.21791910076657556,0.9910604331586939,0.002094855423542861,4.59659006196252,0.9404600811907984,0.45953991880920164,0.9450301489907229,0.5637033446787933,0.019215155615696887,0.6468200270635994,0.7141316073354909,0.5864928909952607,0.34937888198757766,1.9753395318984985,5.0955023765563965,5.981943607330322,5.116459846496582,5.036271095275879,4.957435607910156,5.391201496124268,4.507254600524902,4.437314033508301,4.922146320343018,1.5846410989761353,5.456198692321777,nan,0.9558599695585996,0.3333333333333333,0.9455941255006676,-0.3785635530948639,-0.3223865330219269,-0.3270890414714813,1.4601856470108032,1.380418300628662,1.3869249820709229,nan,nan,nan,nan,nan,nan,nan,nan,nan,nan,nan
6,0.0009938441702975688,uncertainty_weighting,-0.6198355907305982,0.6904213732560697,0.16915368904175448,0.1737614399912685,0.0022955563253108306,0.16915368904175448,0.8688071868014181,0.0028718976479787054,0.4294885443011866,0.23131789406194417,0.1963641038161976,0.0018065388605858078,0.23131789406194417,0.9818205061075007,0.002609765200582062,5.374888164413279,0.9420838971583221,0.4654939106901218,0.9472772068043962,0.5806455639836117,0.013261163734776725,0.6056833558863329,0.7249190938511327,0.6255924170616114,0.39285714285714285,2.2425076961517334,5.922078609466553,5.722207546234131,5.144774436950684,6.089818000793457,4.699367046356201,5.045559883117676,5.359539031982422,7.913257598876953,8.442530632019043,2.382575035095215,6.7100605964660645,nan,0.954337899543379,0.30952380952380953,0.94826435246996,-0.45103833079338074,-0.38559553027153015,-0.3922896683216095,1.5699414014816284,1.4704898595809937,1.4803664684295654,nan,nan,nan,nan,nan,nan,nan,nan,nan,nan,nan
7,0.0009916274537819772,uncertainty_weighting,-0.8028444257901277,0.6668200992587344,0.16104776972946608,0.17031464975588018,0.0020476288141155242,0.16104776972946608,0.8515732330551553,0.002606683724459944,0.43939222116754245,0.23842115746621995,0.19919930940471256,0.0017717497116421048,0.23842115746621995,0.9959965309528924,0.002579899846559771,4.909916041069545,0.9155615696887686,0.4684709066305819,0.9232929439700217,0.604181900589483,0.07550744248985115,0.528552097428958,0.7238403451995685,0.542654028436019,0.36801242236024845,2.336247682571411,5.545259952545166,7.047047138214111,5.900844097137451,5.389080047607422,6.703897953033447,6.205811023712158,3.4023897647857666,4.21797513961792,5.389352321624756,1.2176594734191895,4.684585094451904,nan,0.939117199391172,0.4523809523809524,0.9168891855807744,-0.5217476487159729,-0.4483046233654022,-0.457457959651947,1.6849699020385742,1.5656554698944092,1.580052375793457,nan,nan,nan,nan,nan,nan,nan,nan,nan,nan,nan
8,0.0009890738003669026,uncertainty_weighting,-0.9978460683400866,0.6282374958491771,0.14490020955219785,0.16733139821947057,0.0018871405905921622,0.14490020955219785,0.8366569785040732,0.00245660535437999,0.4216210617828756,0.22443890811948558,0.19462915462957184,0.0025529939320860923,0.22443890811948558,0.9731457567666638,0.003576144344439284,5.448510818626767,0.9399188092016239,0.4914749661705007,0.9326640837338561,0.5911924290960997,0.06738836265223275,0.5799729364005413,0.6623516720604099,0.6066350710900474,0.38975155279503104,2.771299123764038,6.745734691619873,8.612896919250488,6.61232328414917,6.428492069244385,8.219585418701172,6.88340425491333,3.449066162109375,5.1051530838012695,4.626555442810059,0.03430081531405449,4.622259616851807,nan,0.8097412480974124,0.47619047619047616,0.9749666221628839,-0.5914914011955261,-0.5103990435600281,-0.5226085782051086,1.8066809177398682,1.665955901145935,1.6864210367202759,nan,nan,nan,nan,nan,nan,nan,nan,nan,nan,nan
9,0.000986184960198838,uncertainty_weighting,-1.183560271828265,0.6012329567768979,0.13511335086628504,0.16377532363507685,0.0017278022990099488,0.13511335086628504,0.8188766027125784,0.002177711500439668,0.4116462944324994,0.2166626742873366,0.19377458319773694,0.001209035080495884,0.2166626742873366,0.9688729077295296,0.0016415766108256837,4.37841645707224,0.9301759133964818,0.5044654939106902,0.9393256592816787,0.5901247867246562,0.06576454668470906,0.5713125845737483,0.5997842502696872,0.6090047393364929,0.40062111801242234,1.7819231748580933,4.622608661651611,5.141338348388672,4.760855197906494,4.545773983001709,4.622099876403809,5.141580581665039,3.9081084728240967,4.046125888824463,4.910402297973633,1.7382314205169678,5.163825035095215,nan,0.8097412480974124,0.5714285714285714,0.9616154873164219,-0.6605156660079956,-0.5720828771591187,-0.5877299308776855,1.9357901811599731,1.7719539403915405,1.7998979091644287,nan,nan,nan,nan,nan,nan,nan,nan,nan,nan,nan
10,0.0009829629131445337,uncertainty_weighting,-1.3402553130800146,0.602821936573608,0.13844672490065252,0.16128853949075228,0.0016757053741675316,0.13844672490065252,0.806442682983525,0.002065077162553336,0.40567435764976056,0.20589248019400405,0.19886115976938215,0.0009207132952955724,0.20589248019400405,0.9943057838086347,0.0012739967346866899,3.788078756030988,0.9461434370771312,0.4817320703653586,0.9511237572780689,0.6063734993837542,0.016779431664411367,0.5447902571041948,0.6709816612729234,0.5781990521327014,0.37732919254658387,1.5395551919937134,4.187180042266846,4.8105788230896,4.722215175628662,4.017188549041748,3.6094658374786377,5.292778015136719,3.460603713989258,3.8406178951263428,3.9662129878997803,-0.08207838982343674,4.434216022491455,nan,0.9665144596651446,0.5238095238095238,0.9475967957276369,-0.7273085713386536,-0.6331513524055481,-0.6528391242027283,2.0695033073425293,1.8835369348526,1.9209870100021362,nan,nan,nan,nan,nan,nan,nan,nan,nan,nan,nan
11,0.0009794098674340962,uncertainty_weighting,-1.532260492951592,0.567275696404725,0.1254553936317746,0.15692258827846708,0.0012598674037607074,0.1254553936317746,0.7846129260295979,0.0016427108147385257,0.4429198843781132,0.23358549503899395,0.207406393725914,0.0019279926152665455,0.23358549503899395,1.0370319423720704,0.002698478128077999,4.935069925201077,0.9358592692828146,0.48497970230040593,0.955635685665367,0.6296285929398397,0.014884979702300407,0.4803788903924222,0.7766990291262136,0.4158767772511848,0.40683229813664595,2.388190507888794,5.606855392456055,7.432772159576416,5.32407283782959,5.440083980560303,5.6355767250061035,5.779686450958252,4.345887184143066,3.7593936920166016,4.9238786697387695,2.135188341140747,5.8682684898376465,nan,0.923896499238965,0.47619047619047616,0.9449265687583445,-0.7938624024391174,-0.6938472986221313,-0.7179632782936096,2.211923360824585,2.0014007091522217,2.05025315284729,nan,nan,nan,nan,nan,nan,nan,nan,nan,nan,nan
12,0.0009755282581475765,uncertainty_weighting,-1.715709097452191,0.5416047142056676,0.11527558670040194,0.15440834282032914,0.0011184295627725304,0.11527558670040194,0.7720416981466122,0.0014779666409314976,0.42046326856167937,0.22122924228643692,0.19852644652733137,0.0007075810669486554,0.22122924228643692,0.9926322090287009,0.001031208616279378,3.767651048412306,0.9385656292286875,0.49851150202976996,0.9476881471850165,0.6252158129232447,0.05737483085250338,0.5055480378890392,0.7195253505933118,0.5509478672985783,0.4052795031055901,1.2978459596633911,4.004080295562744,4.679082870483398,3.737537384033203,4.001937389373779,3.15973162651062,3.844593048095703,2.9697952270507812,3.7004151344299316,4.6964216232299805,0.980960488319397,4.702121734619141,nan,0.8234398782343988,0.5,0.9699599465954606,-0.860824465751648,-0.7539021968841553,-0.7830820679664612,2.365109920501709,2.125277280807495,2.188206195831299,nan,nan,nan,nan,nan,nan,nan,nan,nan,nan,nan
13,0.000971320745546089,uncertainty_weighting,-1.8794692886799576,0.5325738939141843,0.11333526934896712,0.15164562839386114,0.0013060485869847223,0.11333526934896712,0.7582281300683904,0.0016669497961108893,0.40320267015929473,0.209928093525973,0.19224976932324964,0.001024810225023549,0.209928093525973,0.9612488326103664,0.0015099156468335402,3.621600264522394,0.9404600811907984,0.5123139377537212,0.9539919071286385,0.6301650875269501,0.058186738836265225,0.48119079837618406,0.6785329018338727,0.6457345971563981,0.42080745341614906,1.73922598361969,4.439032077789307,5.146507740020752,4.576590061187744,4.312764644622803,5.515263557434082,4.415938377380371,2.221747398376465,3.026566743850708,3.520437002182007,0.29076895117759705,3.797074556350708,nan,0.9482496194824962,0.5714285714285714,0.9439252336448598,-0.9264364242553711,-0.8133257031440735,-0.8481610417366028,2.5254933834075928,2.2553961277008057,2.33534836769104,nan,nan,nan,nan,nan,nan,nan,nan,nan,nan,nan
14,0.0009667902132486006,uncertainty_weighting,-2.0517391431237155,0.5157861849113373,0.1053103226734467,0.15135818012444133,0.0012245906058552002,0.1053103226734467,0.7567908847978929,0.0015853660611596465,0.4170529425305507,0.21610232994908085,0.20020304116973697,0.0007475717512749548,0.21610232994908085,1.0010151890198498,0.001083179906323169,3.34342906137155,0.9469553450608931,0.5152909336941813,0.9542695657911956,0.638373931636856,0.058457374830852504,0.46874154262516915,0.5555555555555556,0.7215639810426541,0.40372670807453415,1.443176031112671,3.6848297119140625,3.892422914505005,3.4610352516174316,3.676776885986328,3.5750668048858643,4.535309791564941,2.4381933212280273,3.222709894180298,3.883103132247925,-0.27812761068344116,3.9261088371276855,nan,0.9467275494672754,0.5238095238095238,0.9529372496662216,-0.9922631978988647,-0.871868371963501,-0.9132235646247864,2.6973323822021484,2.3913745880126953,2.4923439025878906,nan,nan,nan,nan,nan,nan,nan,nan,nan,nan,nan
15,0.0009619397662556431,uncertainty_weighting,-2.1936985462790384,0.5201165186918195,0.10819237372209209,0.1507222020319192,0.0011436824109333722,0.10819237372209209,0.7536109967279062,0.0013944297802848478,0.41736668996785103,0.21312693663153176,0.20342222819954198,0.0008175265188744803,0.21312693663153176,1.0171111296413715,0.001210201714006385,3.714054876159754,0.9488497970230041,0.4930987821380244,0.9644729973426717,0.6388607525528148,0.008119079837618403,0.4787550744248985,0.7918015102481122,0.5154028436018957,0.39285714285714285,1.4956014156341553,3.865724563598633,3.9806246757507324,3.320007562637329,3.911560535430908,3.689260482788086,3.8171727657318115,4.762530326843262,3.8805859088897705,3.94537091255188,1.1169825792312622,4.528705596923828,nan,0.954337899543379,0.5714285714285714,0.9529372496662216,-1.0555884838104248,-0.9289335012435913,-0.9782820343971252,2.8736658096313477,2.5318076610565186,2.6598827838897705,nan,nan,nan,nan,nan,nan,nan,nan,nan,nan,nan
16,0.0009567727288213001,uncertainty_weighting,-2.370735438637829,0.4961026075841352,0.10239536173619594,0.144300219442582,0.0013557212699072667,0.10239536173619594,0.7215010819349151,0.0017230688110547803,0.3995716340083715,0.20074383386578384,0.1981795331904304,0.0006482744073061744,0.20074383386578384,0.9908976613749348,0.0009552974146456837,3.1578991824636327,0.9515561569688769,0.5158322056833559,0.9653429220754132,0.654159822520758,0.004600811907983762,0.46197564276048714,0.6472491909385113,0.6303317535545023,0.422360248447205,1.2950133085250854,3.6567013263702393,4.101349353790283,2.7761764526367188,3.6638059616088867,3.830949068069458,2.948350667953491,2.612480878829956,3.528998613357544,3.699636936187744,-0.15422244369983673,4.510768413543701,nan,0.9573820395738204,0.5,0.9566088117489987,-1.119352102279663,-0.9864248037338257,-1.0432926416397095,3.062869071960449,2.6816298961639404,2.838547945022583,nan,nan,nan,nan,nan,nan,nan,nan,nan,nan,nan
17,0.0009512926421749302,uncertainty_weighting,-2.55657700919955,0.4681232883959199,0.09208526443114218,0.14106706998689225,0.0009093072281346235,0.09208526443114218,0.7053353352334367,0.0011911125833458124,0.43429305465521445,0.23644618792850045,0.19709794793545152,0.000748920166129007,0.23644618792850045,0.9854897247760964,0.0010737986937140055,3.514615886525951,0.9445196211096076,0.5004059539918809,0.9627510527582176,0.6586612046059681,0.011637347767253045,0.4322056833558863,0.656957928802589,0.6907582938388626,0.44254658385093165,1.35870361328125,3.9063186645507812,4.666507720947266,2.7421162128448486,3.9063186645507812,4.30420446395874,3.165057420730591,2.6448421478271484,3.3963818550109863,4.406318664550781,0.5967154502868652,4.552530288696289,nan,0.8249619482496194,0.40476190476190477,0.9783044058744993,-1.1824796199798584,-1.0433638095855713,-1.1083558797836304,3.26245379447937,2.838749885559082,3.0293736457824707,nan,nan,nan,nan,nan,nan,nan,nan,nan,nan,nan
18,0.0009455032620941837,uncertainty_weighting,-2.7053867877305,0.46408836855214175,0.09275026257813673,0.13848006340003258,0.0008138583887997699,0.09275026257813673,0.6924002982756715,0.001096454230169004,0.4102760396887711,0.2112518180368395,0.1981407731408518,0.0008834489264729633,0.2112518180368395,0.9907038481535544,0.0012646106954888317,3.7192726490496453,0.9445196211096076,0.520703653585927,0.9610074231267666,0.6657888284664778,0.05412719891745602,0.42922868741542625,0.6008629989212514,0.6208530805687204,0.44254658385093165,1.508360505104065,4.340856075286865,4.421462535858154,3.3303723335266113,4.340898036956787,3.9610273838043213,3.330937385559082,3.9877023696899414,3.3408563137054443,4.841038227081299,2.087514877319336,5.253114700317383,nan,0.974124809741248,0.5238095238095238,0.9439252336448598,-1.244603157043457,-1.099331021308899,-1.1734257936477661,3.4715569019317627,3.002156972885132,3.2330493927001953,nan,nan,nan,nan,nan,nan,nan,nan,nan,nan,nan
19,0.0009394085563309825,uncertainty_weighting,-2.855091220937758,0.4575483229817478,0.09170776701302023,0.1354298305643817,0.0016365639072986801,0.09170776701302023,0.6771491352360322,0.0019535560982269265,0.4333471226030822,0.23082131182066642,0.20158263238421634,0.0009431779513788361,0.23082131182066642,1.0079131526295322,0.001349740163662568,3.5062876409742607,0.9434370771312585,0.5410013531799729,0.9591874078212179,0.6670498834009495,0.055209742895805144,0.43437077131258456,0.703344120819849,0.6623222748815166,0.4658385093167702,1.5929021835327148,4.255650043487549,5.335624694824219,2.9644124507904053,4.103387355804443,5.09138822555542,3.536740779876709,2.685157299041748,2.3951714038848877,3.385253667831421,0.7139821648597717,4.398486614227295,nan,0.8280060882800608,0.42857142857142855,0.9759679572763685,-1.306463599205017,-1.1550040245056152,-1.2383296489715576,3.6930902004241943,3.1740362644195557,3.4498462677001953,nan,nan,nan,nan,nan,nan,nan,nan,nan,nan,nan
20,0.0009330127018922192,uncertainty_weighting,-3.001839713887587,0.45134615263104316,0.09109767648318234,0.13361671857341562,0.0009586821048768366,0.09109767648318234,0.6680835763197484,0.0012102868473486622,0.44026149308084633,0.24333150714272897,0.19625323944711234,0.0006767512247135235,0.24333150714272897,0.9812661838144346,0.0008051479008762073,3.261166907859179,0.9415426251691476,0.5261163734776725,0.9601859530578023,0.6657962200144285,0.055209742895805144,0.4189445196211096,0.6893203883495146,0.6575829383886256,0.45652173913043476,1.184801459312439,3.3851516246795654,3.200956344604492,2.5211801528930664,3.6089532375335693,3.154099941253662,3.0968778133392334,3.019794464111328,3.2170207500457764,4.494485378265381,-0.6500587463378906,4.769702911376953,nan,0.8249619482496194,0.5476190476190477,0.972630173564753,-1.3658583164215088,-1.2095437049865723,-1.303328037261963,3.9190852642059326,3.351954698562622,3.681528329849243,nan,nan,nan,nan,nan,nan,nan,nan,nan,nan,nan
21,0.0009263200821770459,uncertainty_weighting,-3.1057574287849357,0.46455281545566457,0.1000407754345377,0.1314559673838747,0.0007796657855457212,0.1000407754345377,0.6572798237991575,0.0010463705690333315,0.4075099510575502,0.2092482953981392,0.19760084167143005,0.0006608203360659647,0.2092482953981392,0.9880041974484517,0.0010001872887353493,3.180590708018703,0.9423545331529093,0.5656292286874154,0.9588866733827732,0.6839880529586878,0.05331529093369418,0.40866035182679294,0.7227615965480043,0.5497630331753555,0.4704968944099379,1.3194338083267212,3.5093727111816406,4.0734944343566895,3.274071216583252,3.581286668777466,3.4008285999298096,3.515671968460083,2.244490146636963,2.99687123298645,4.096805572509766,0.9312670230865479,4.7195892333984375,nan,0.9665144596651446,0.5476190476190477,0.9425901201602136,-1.4217742681503296,-1.2634570598602295,-1.3683723211288452,4.144467353820801,3.537630319595337,3.928950071334839,nan,nan,nan,nan,nan,nan,nan,nan,nan,nan,nan
22,0.0009193352839727118,uncertainty_weighting,-3.2465264401120537,0.4569011044481343,0.09755660719992397,0.1300774982269053,0.0008164464296833984,0.09755660719992397,0.6503874783911443,0.0010647791464300823,0.4023887138889349,0.1966361188517533,0.20527760568749115,0.0004749846911714419,0.1966361188517533,1.0263879965703446,0.0006596535100842321,3.022184964786979,0.9445196211096076,0.5350473612990527,0.9541103013609437,0.6790591922732935,0.0557510148849797,0.39025710419485793,0.7400215749730313,0.590047393364929,0.4673913043478261,1.063258171081543,3.204251527786255,3.128922700881958,2.730987787246704,3.286696195602417,2.8673388957977295,2.9847891330718994,2.2356748580932617,2.6703577041625977,4.136720180511475,0.8843269944190979,4.138284206390381,nan,0.821917808219178,0.5952380952380952,0.9763017356475301,-1.4755491018295288,-1.3159717321395874,-1.4334087371826172,4.373436450958252,3.728372097015381,4.192967414855957,nan,nan,nan,nan,nan,nan,nan,nan,nan,nan,nan
23,0.0009120630943110076,uncertainty_weighting,-3.4273574998182728,0.43036818345666644,0.08767338263875986,0.126797354800478,0.000713354229229064,0.08767338263875986,0.6339867626937709,0.0009525329496648273,0.4226475970832195,0.20970314599986972,0.21231459849822829,0.0006298468814796046,0.20970314599986972,1.061572979654769,0.000878293114161076,3.098973105584814,0.9437077131258458,0.5694181326116373,0.9653448193358266,0.6859956997396612,0.05277401894451962,0.3753721244925575,0.656957928802589,0.6445497630331753,0.4937888198757764,1.2015490531921387,3.7722318172454834,3.1490817070007324,2.5513510704040527,3.7723021507263184,3.6007702350616455,2.7804179191589355,2.260392189025879,2.984553575515747,4.272302150726318,0.5491935014724731,4.377570629119873,nan,0.8249619482496194,0.5,0.9759679572763685,-1.5318862199783325,-1.36806321144104,-1.498430609703064,4.626895904541016,3.9277358055114746,4.474660873413086,nan,nan,nan,nan,nan,nan,nan,nan,nan,nan,nan
24,0.0009045084971874735,uncertainty_weighting,-3.5556726700900882,0.4279652089700919,0.08797525038791804,0.12498434002451084,0.0010230139928610548,0.08797525038791804,0.6249216873291379,0.001224502264705559,0.4277508027660024,0.2273014178134108,0.1999301270598165,0.0005192612876443896,0.2273014178134108,0.9996506173007382,0.0007697360422014838,2.861983892521123,0.9445196211096076,0.559404600811908,0.9549059609447186,0.7082529178895449,0.05737483085250338,0.35182679296346414,0.6957928802588996,0.6848341232227488,0.4720496894409938,1.144675374031067,3.2815358638763428,3.4616477489471436,2.6638448238372803,3.2815358638763428,3.553544282913208,2.9657092094421387,2.662693977355957,2.5101535320281982,3.7815356254577637,0.4890070855617523,4.23057222366333,nan,0.9634703196347032,0.6190476190476191,0.9449265687583445,-1.5875571966171265,-1.4189481735229492,-1.5633697509765625,4.89178466796875,4.132771015167236,4.774884223937988,nan,nan,nan,nan,nan,nan,nan,nan,nan,nan,nan
25,0.0008966766701456174,uncertainty_weighting,-3.6980136344650494,0.4181577249738495,0.0865906635046337,0.12151615865160315,0.0009720394102786029,0.0865906635046337,0.6075807847188543,0.0012274189477436126,0.41932882156036544,0.21693967761061028,0.20119908641978432,0.0011900582980283905,0.21693967761061028,1.005995411140509,0.0018108556638137816,4.091886078423923,0.9426251691474966,0.5523680649526387,0.9553081224135264,0.7074647648388854,0.05764546684709066,0.35290933694181326,0.7087378640776699,0.6338862559241706,0.4798136645962733,1.921451449394226,4.862107276916504,5.858418941497803,5.106997013092041,4.733404636383057,6.117954254150391,4.702528476715088,2.5769686698913574,3.3115925788879395,4.4806437492370605,0.7825890779495239,4.480647563934326,nan,0.8340943683409436,0.5952380952380952,0.9712950600801068,-1.6408578157424927,-1.469603180885315,-1.6282984018325806,5.15959358215332,4.347509860992432,5.095197677612305,nan,nan,nan,nan,nan,nan,nan,nan,nan,nan,nan
26,0.0008885729807284853,uncertainty_weighting,-3.861719407939501,0.4002407982605571,0.07882902684734033,0.11904097316808396,0.0022503998242911377,0.07882902684734033,0.5952048563280716,0.0026588565913926642,0.4291812169938997,0.2278519964750468,0.19944549293656794,0.0018837261284324713,0.2278519964750468,0.9972274559760449,0.0025823854528750634,4.734408199876521,0.9447902571041948,0.5669824086603519,0.9652221435722385,0.7147672258494706,0.05115020297699594,0.3401894451962111,0.7044228694714132,0.7002369668246445,0.4968944099378882,2.400944232940674,5.629481315612793,7.152072906494141,5.723319053649902,5.326555252075195,8.142755508422852,5.170065879821777,4.354540824890137,3.962597370147705,4.878939151763916,-0.8381291627883911,4.714379787445068,nan,0.8249619482496194,0.5714285714285714,0.9763017356475301,-1.6963162422180176,-1.5194315910339355,-1.6928781270980835,5.453819751739502,4.569626808166504,5.43510103225708,nan,nan,nan,nan,nan,nan,nan,nan,nan,nan,nan
27,0.0008802029828000154,uncertainty_weighting,-4.013126921585954,0.38749027068828873,0.07624458850928405,0.11629429261689034,0.0012062535660188236,0.07624458850928405,0.5814714569838916,0.001561810417861357,0.48412451168197096,0.26336298509928147,0.2198675860087507,0.000893939694349373,0.26336298509928147,1.0993379093958657,0.0012042427664567213,3.520902203911525,0.9431664411366711,0.5680649526387009,0.9661639679350111,0.7205576699198345,0.008660351826792964,0.2941813261163735,0.7864077669902912,0.5604265402843602,0.5232919254658385,1.5687752962112427,3.885924816131592,3.382183074951172,3.5491180419921875,3.894780158996582,3.314795732498169,3.547433376312256,4.463104248046875,3.059417724609375,4.067111015319824,-0.07760500907897949,4.64011287689209,nan,0.8249619482496194,0.47619047619047616,0.975634178905207,-1.7520140409469604,-1.568613886833191,-1.7576162815093994,5.766204833984375,4.799990653991699,5.798598766326904,nan,nan,nan,nan,nan,nan,nan,nan,nan,nan,nan
28,0.000871572412738697,uncertainty_weighting,-4.092880258572297,0.399791436537517,0.08229792565585149,0.11670790428968601,0.0008898875264919583,0.08229792565585149,0.583539513124731,0.0011303398028621008,0.4722630674284108,0.26043342321264246,0.21098059429528748,0.0008490496228420061,0.26043342321264246,1.0549029427065095,0.0011388620388781065,3.327460870356232,0.9388362652232747,0.5393775372124493,0.9658659986289378,0.719194473366909,0.009201623815967524,0.3266576454668471,0.8263214670981661,0.5971563981042654,0.4829192546583851,1.5516278743743896,3.692795515060425,3.621412754058838,3.2734763622283936,3.7192888259887695,3.414242744445801,3.1860480308532715,4.42548131942749,2.829831600189209,3.9557597637176514,-0.3324325978755951,4.368110179901123,nan,0.91324200913242,0.5,0.9506008010680908,-1.8027454614639282,-1.6155803203582764,-1.8225948810577393,6.066279411315918,5.030806541442871,6.187894344329834,nan,nan,nan,nan,nan,nan,nan,nan,nan,nan,nan
29,0.0008626871855061437,uncertainty_weighting,-4.228849700967199,0.389684807912387,0.0811577208213505,0.1127804783621128,0.0009042044918233888,0.0811577208213505,0.563902387079407,0.0011182245769602724,0.47904853014242665,0.25842475624142547,0.2178953607930866,0.00272841394282827,0.25842475624142547,1.089476793641489,0.004007152633058444,5.661575557352546,0.9450608930987822,0.5718538565629229,0.9648185009485807,0.7313423107104055,0.05250338294993234,0.30663058186738834,0.8069039913700108,0.5876777251184834,0.4751552795031056,3.0431582927703857,6.633731842041016,5.955491065979004,5.077963352203369,6.931361198425293,6.847750663757324,5.696920394897461,5.862339496612549,4.988061904907227,5.7571563720703125,2.8175368309020996,8.909671783447266,nan,0.7960426179604262,0.4523809523809524,0.9846461949265688,-1.8525604009628296,-1.6622910499572754,-1.8875187635421753,6.376123905181885,5.271374225616455,6.602964878082275,nan,nan,nan,nan,nan,nan,nan,nan,nan,nan,nan
30,0.0008535533905932737,uncertainty_weighting,-4.34490161256815,0.38584458076468514,0.08121152848349673,0.11021610378130024,0.0014946585003695043,0.08121152848349673,0.5510805094441872,0.0018236406973149114,0.47417672413611767,0.2598485495668303,0.2137279435125191,0.0006002345764492821,0.2598485495668303,1.0686396985318567,0.0008536257257140638,2.848546998635315,0.9469553450608931,0.5840324763193505,0.965548986508913,0.7292839651829923,0.05196211096075778,0.31502029769959405,0.7475728155339806,0.6409952606635071,0.5093167701863354,1.3128764629364014,3.0937507152557373,3.3228418827056885,2.3705554008483887,3.136194944381714,3.52103853225708,2.535479784011841,2.492504835128784,3.653912305831909,3.4026691913604736,0.09280134737491608,4.219224452972412,nan,0.9710806697108066,0.42857142857142855,0.9489319092122831,-1.8992215394973755,-1.7087624073028564,-1.9521784782409668,6.680691719055176,5.522122859954834,7.044015884399414,nan,nan,nan,nan,nan,nan,nan,nan,nan,nan,nan
31,0.0008441772878468768,uncertainty_weighting,-4.433454279992201,0.38962873802606823,0.0852495097942365,0.10889876578168822,0.000666094082320319,0.0852495097942365,0.544493822265619,0.0009143343793137103,0.4943609919696441,0.2788263925599471,0.21502446640731518,0.0005101258919655606,0.2788263925599471,1.0751223109410484,0.0007465430126110841,3.040208330440031,0.9336941813261164,0.5921515561569689,0.9587185706902487,0.7406625494729684,0.056562922868741546,0.2792963464140731,0.7443365695792881,0.6409952606635071,0.5341614906832298,1.1347185373306274,3.3273379802703857,2.742865562438965,2.1862449645996094,3.618421792984009,2.8061439990997314,2.3336310386657715,3.1300594806671143,2.6184229850769043,4.118422985076904,0.7654173970222473,4.7428460121154785,nan,0.8127853881278538,0.47619047619047616,0.9666221628838452,-1.9417003393173218,-1.753435730934143,-2.017184019088745,6.970593452453613,5.774407863616943,7.517127513885498,nan,nan,nan,nan,nan,nan,nan,nan,nan,nan,nan
32,0.0008345653031794289,uncertainty_weighting,-4.590959587837998,0.37248969039659374,0.07786717997559965,0.1073601827281444,0.0010174807171854608,0.07786717997559965,0.5368009064056039,0.0012575730912672363,0.4615383468558243,0.25312169257133027,0.2070550948300768,0.0013615585496228224,0.25312169257133027,1.0352754580797137,0.002055947172691156,4.165406451577798,0.9415426251691476,0.5970230040595399,0.9613396438819981,0.7286940288483978,0.055209742895805144,0.312043301759134,0.645091693635383,0.7156398104265402,0.532608695652174,2.1885924339294434,4.640744209289551,5.235246181488037,3.7795627117156982,4.760208606719971,4.5655131340026855,4.001654624938965,3.8555808067321777,3.763775587081909,5.26377534866333,1.7756785154342651,6.051886558532715,nan,0.8158295281582952,0.47619047619047616,0.975634178905207,-1.987291932106018,-1.796816110610962,-2.082043170928955,7.295750141143799,6.030416965484619,8.020840644836426,nan,nan,nan,nan,nan,nan,nan,nan,nan,nan,nan
33,0.0008247240241650917,uncertainty_weighting,-4.742448571935757,0.35831979971895833,0.07190214897325016,0.106556514720586,0.0007012374467644427,0.07190214897325016,0.5327825664832059,0.0009113502771758101,0.4999537561839908,0.28118803884244253,0.21807038342033253,0.000695328917893101,0.28118803884244253,1.0903518964537748,0.0010385490323483683,3.814229413205408,0.9420838971583221,0.5810554803788904,0.9629592678416589,0.7468581267531995,0.05385656292286874,0.27604871447902574,0.7044228694714132,0.6729857819905213,0.5559006211180124,1.3128567934036255,3.986682176589966,3.615086078643799,2.386125326156616,4.380110263824463,3.2419955730438232,2.638986825942993,5.780261993408203,3.986682176589966,5.486681938171387,2.0408174991607666,5.486692905426025,nan,0.8006088280060882,0.5238095238095238,0.9789719626168224,-2.03523850440979,-1.8391128778457642,-2.146967649459839,7.654078006744385,6.290955066680908,8.558865547180176,nan,nan,nan,nan,nan,nan,nan,nan,nan,nan,nan
34,0.0008146601955249186,uncertainty_weighting,-4.819768229790987,0.36308191442700216,0.07658793891584731,0.10431655870307789,0.0006364595609662361,0.07658793891584731,0.5215827856185583,0.0008143363315548972,0.5004660931588509,0.2918798249935749,0.20711308942757375,0.001473182805527773,0.2918798249935749,1.0355654276594903,0.0020891003979241454,4.039230963808455,0.9418132611637348,0.5867388362652233,0.9676978406076063,0.7526211974971422,0.009472259810554804,0.2711772665764547,0.7594390507011867,0.6670616113744076,0.5108695652173914,2.244285821914673,4.72195291519165,4.992046356201172,4.5667619705200195,4.710594177246094,5.601053237915039,5.203693389892578,2.8340580463409424,3.5027575492858887,3.810149669647217,-0.45964503288269043,4.079049110412598,nan,0.8127853881278538,0.40476190476190477,0.9776368491321762,-2.077324867248535,-1.8797969818115234,-2.2119791507720947,7.983084201812744,6.5521745681762695,9.13377571105957,nan,nan,nan,nan,nan,nan,nan,nan,nan,nan,nan
35,0.0008043807145043601,uncertainty_weighting,-4.974680731939717,0.34694612351121035,0.07129597431198065,0.10129218757597906,0.0008849000206919338,0.07129597431198065,0.5064609316986495,0.0010985356300683411,0.45079801631070604,0.23924172925126408,0.21088950158536676,0.0006667832792289203,0.23924172925126408,1.0544474849036325,0.0009507811143086954,3.2813862878891262,0.9466847090663059,0.5897158322056834,0.9663103245610205,0.7508783690424325,0.0516914749661705,0.2692828146143437,0.8101402373247033,0.659952606635071,0.5279503105590062,1.30408775806427,3.557317018508911,3.581425189971924,1.977970004081726,3.701373338699341,3.8951210975646973,1.9621258974075317,3.0742385387420654,3.5673773288726807,4.836389541625977,2.1911447048187256,4.836462020874023,nan,0.8310502283105022,0.4523809523809524,0.9789719626168224,-2.120971441268921,-1.920060634613037,-2.2767770290374756,8.339235305786133,6.821372032165527,9.745221138000488,nan,nan,nan,nan,nan,nan,nan,nan,nan,nan,nan
36,0.0007938926261462363,uncertainty_weighting,-5.045638170986025,0.3530991982401113,0.07228011334250371,0.10347617357938632,0.0007933125660828383,0.07228011334250371,0.51738085865008,0.0009656345258024086,0.47593694964023014,0.26243962407596055,0.21248674911720342,0.0010105778966968595,0.26243962407596055,1.0624337317172503,0.0014838279903260172,3.5347723573075056,0.9453315290933694,0.5953991880920162,0.9623517785621263,0.7488888466558324,0.05142083897158322,0.2838971583220568,0.7572815533980582,0.6113744075829384,0.5139751552795031,1.7694324254989624,4.394093036651611,4.402054309844971,3.3843295574188232,4.45778226852417,5.5821404457092285,3.1436684131622314,2.5076825618743896,4.157894611358643,4.142961025238037,0.030038153752684593,4.14306116104126,nan,0.9497716894977168,0.40476190476190477,0.951935914552737,-2.162480592727661,-1.9573158025741577,-2.3416433334350586,8.692673683166504,7.080296516418457,10.398310661315918,nan,nan,nan,nan,nan,nan,nan,nan,nan,nan,nan
37,0.0007832031184624162,uncertainty_weighting,-5.2008539420001,0.33646509181682177,0.06928129877943122,0.09827172061171158,0.0006795258247310999,0.06928129877943122,0.491358595146401,0.0008873696068304164,0.5122581845449337,0.2893112658083197,0.22258530507552285,0.0003616111173690832,0.2893112658083197,1.112926503834447,0.0005262169946950428,2.5110848055581148,0.9388362652232747,0.5813261163734776,0.965096405121222,0.7541613778018273,0.05142083897158322,0.25358592692828147,0.6699029126213593,0.6018957345971564,0.515527950310559,0.9555650949478149,2.6393778324127197,2.40950345993042,1.7930110692977905,2.7545082569122314,2.4474036693573,2.2576141357421875,2.0550711154937744,2.753526449203491,3.656123638153076,0.32940590381622314,3.656231164932251,nan,0.923896499238965,0.47619047619047616,0.9485981308411215,-2.2024505138397217,-1.99540376663208,-2.4065263271331787,9.04715633392334,7.355172634124756,11.095352172851562,nan,nan,nan,nan,nan,nan,nan,nan,nan,nan,nan
38,0.0007723195175075133,uncertainty_weighting,-5.2491521412984845,0.3453320155588582,0.07378377870984645,0.09820148731952671,0.0006807419085819147,0.07378377870984645,0.49100742898162475,0.0008865318987258237,0.5179222991647191,0.29964093960347776,0.2157425130817016,0.002538845604739287,0.29964093960347776,1.0787125468254088,0.0033542991831334097,5.259196287260841,0.9423545331529093,0.5891745602165088,0.9729171718893205,0.7566368906047518,0.005412719891745603,0.26982408660351825,0.7820927723840345,0.6540284360189573,0.5108695652173914,2.800602436065674,5.7750115394592285,5.964570999145508,3.9631810188293457,5.899296283721924,5.7745795249938965,5.0605950355529785,4.824084281921387,5.653162956237793,6.721185684204102,3.930473566055298,8.031801223754883,nan,0.8158295281582952,0.40476190476190477,0.9776368491321762,-2.241175413131714,-2.031432628631592,-2.471449136734009,9.404378890991211,7.625002384185791,11.839591026306152,nan,nan,nan,nan,nan,nan,nan,nan,nan,nan,nan
39,0.0007612492823579742,uncertainty_weighting,-5.383301759560951,0.3328689825200178,0.07074791012806604,0.09407890558159858,0.0016076755312856444,0.07074791012806604,0.470394521315205,0.0018652913668739187,0.47337205026888557,0.2554798017254702,0.21644642817635337,0.0014458232413075047,0.2554798017254702,1.0822321274606397,0.002105837661857403,4.195522945704338,0.9464140730717185,0.5886332882273342,0.967353473521883,0.7715142408784225,0.05250338294993234,0.23626522327469554,0.7238403451995685,0.7274881516587678,0.5093167701863354,1.7682485580444336,5.951711654663086,4.523885726928711,2.1565635204315186,6.131109714508057,5.3249053955078125,2.7439723014831543,6.098907470703125,4.530761241912842,5.5582966804504395,1.2927051782608032,6.320052146911621,nan,0.969558599695586,0.40476190476190477,0.9489319092122831,-2.2754275798797607,-2.068834066390991,-2.535590887069702,9.732078552246094,7.915588855743408,12.62388801574707,nan,nan,nan,nan,nan,nan,nan,nan,nan,nan,nan
40,0.0007499999999999998,uncertainty_weighting,-5.490346645182364,0.32849429674810343,0.06975124125108073,0.09372293503733121,0.0007729729895611936,0.06975124125108073,0.46861466795153783,0.0010263406881059391,0.49936851853446806,0.25838623134789834,0.24039006859507708,0.0005922261717053778,0.25838623134789834,1.201950319952184,0.0008991633975091964,3.2223451589045053,0.9410013531799729,0.6,0.9703704052572774,0.7739102328381542,0.05115020297699594,0.23301759133964817,0.6364617044228694,0.6386255924170616,0.5559006211180124,1.2489489316940308,3.8580758571624756,2.815263271331787,2.2410035133361816,3.858109474182129,3.3241822719573975,2.5595014095306396,4.559317588806152,3.0980241298675537,4.358109474182129,0.5242881178855896,4.358109474182129,nan,0.8310502283105022,0.5238095238095238,0.9709612817089452,-2.3122546672821045,-2.1041159629821777,-2.6003427505493164,10.097164154052734,8.199850082397461,13.468353271484375,nan,nan,nan,nan,nan,nan,nan,nan,nan,nan,nan
41,0.0007385793801298041,uncertainty_weighting,-5.608285020242853,0.3217884192686201,0.06687849100145687,0.0935768654657994,0.00043885296681153566,0.06687849100145687,0.46788432020927284,0.0006033741237499159,0.4644710977119425,0.2438259493433574,0.2201992026080298,0.00044594404302759243,0.2438259493433574,1.1009960000666617,0.000672245518974229,2.900025989880153,0.9426251691474966,0.6159675236806496,0.9615886802011743,0.7797008291552691,0.05331529093369418,0.22787550744248986,0.7659115426105717,0.6232227488151659,0.5232919254658385,1.0791231393814087,3.0176846981048584,3.081941843032837,2.11590576171875,3.1471662521362305,2.7589499950408936,2.467430591583252,2.522439479827881,3.144961357116699,4.149933815002441,0.3614014983177185,4.149954319000244,nan,0.8127853881278538,0.47619047619047616,0.9776368491321762,-2.3462114334106445,-2.136127471923828,-2.66540789604187,10.44591999053955,8.46658706665039,14.373811721801758,nan,nan,nan,nan,nan,nan,nan,nan,nan,nan,nan
42,0.0007269952498697732,uncertainty_weighting,-5.748443239360779,0.3097507317678214,0.06347933605334036,0.09082442243074763,0.0005716074253627265,0.06347933605334036,0.4541221039954674,0.0007349810111896477,0.49581459673557615,0.2832215385846743,0.21216010393647927,0.00043295985235043715,0.2832215385846743,1.060800506846024,0.0006519377293665068,2.648476600539827,0.9447902571041948,0.6219215155615697,0.9659945935594397,0.783443658772509,0.05331529093369418,0.2175913396481732,0.7680690399137001,0.6943127962085308,0.5372670807453416,1.0052103996276855,3.0907490253448486,2.5418283939361572,1.8578296899795532,3.198880434036255,2.7148571014404297,2.4021003246307373,2.503823757171631,2.778507947921753,4.278508186340332,0.999942421913147,4.278566837310791,nan,0.954337899543379,0.47619047619047616,0.9492656875834445,-2.382936954498291,-2.167797088623047,-2.7303130626678467,10.83668327331543,8.739011764526367,15.337687492370605,nan,nan,nan,nan,nan,nan,nan,nan,nan,nan,nan
43,0.0007152555484041474,uncertainty_weighting,-5.867834834901324,0.3014601168167902,0.06357410127734617,0.08660845076940808,0.0005475059307161018,0.06357410127734617,0.4330422485889472,0.0007437736152665249,0.5049030141514274,0.28374252261263755,0.22068451811560758,0.00047596948062534743,0.28374252261263755,1.103422580391209,0.0007300458155970653,2.8429565764260882,0.9485791610284168,0.5994587280108254,0.9670749903829515,0.7903673837712851,0.04925575101488498,0.21055480378890393,0.8295577130528586,0.5924170616113744,0.5372670807453416,1.0542510747909546,3.2092831134796143,3.1819748878479004,1.3524922132492065,3.431058645248413,2.8039515018463135,1.8163620233535767,3.2860114574432373,2.8834681510925293,4.111225605010986,1.477474570274353,4.111225605010986,nan,0.9619482496194824,0.40476190476190477,0.9532710280373832,-2.4187369346618652,-2.203117609024048,-2.7952346801757812,11.231664657592773,9.053193092346191,16.36646842956543,nan,nan,nan,nan,nan,nan,nan,nan,nan,nan,nan
44,0.0007033683215378999,uncertainty_weighting,-5.911493888401251,0.3079706379923228,0.06666003468183472,0.08669813862783203,0.0006271457993585025,0.06666003468183472,0.43349068423849074,0.0008317010730162667,0.47244473747374727,0.24792846046862002,0.2239763361836641,0.0005399460311984097,0.24792846046862002,1.1198816664647993,0.000808832248331316,3.0536742350847965,0.9426251691474966,0.6043301759133964,0.9629932996460232,0.792506015844865,0.0516914749661705,0.2040595399188092,0.785329018338727,0.6327014218009479,0.5046583850931677,1.2391223907470703,3.1987509727478027,2.9576590061187744,2.2471141815185547,3.374180793762207,3.153093099594116,2.452422857284546,2.523664951324463,3.177969455718994,4.677969455718994,0.35361960530281067,4.677969455718994,nan,0.8234398782343988,0.5238095238095238,0.9746328437917223,-2.447389841079712,-2.235751152038574,-2.8600234985351562,11.558138847351074,9.35350513458252,17.461936950683594,nan,nan,nan,nan,nan,nan,nan,nan,nan,nan,nan
45,0.0006913417161825446,uncertainty_weighting,-6.000229961289794,0.30569930288347247,0.06574339969550765,0.08642198051676948,0.0006842715105384607,0.06574339969550765,0.4321098953487292,0.0008560704426533207,0.47768372388428054,0.24949325683233056,0.22761777387339627,0.0005726786434627737,0.24949325683233056,1.13808885446582,0.0007718289035330848,2.686085859091707,0.943978349120433,0.6262516914749662,0.9649633859517132,0.7867088954695912,0.0543978349120433,0.20866035182679296,0.7303128371089536,0.7061611374407583,0.5372670807453416,1.1275910139083862,3.427419424057007,2.9929070472717285,2.312255859375,3.4274396896362305,3.354722261428833,1.9613399505615234,2.619337797164917,2.913461685180664,3.927442789077759,-0.21230560541152954,3.927466630935669,nan,0.9497716894977168,0.40476190476190477,0.9502670226969292,-2.473733901977539,-2.26475191116333,-2.9247255325317383,11.866673469543457,9.628735542297363,18.629112243652344,nan,nan,nan,nan,nan,nan,nan,nan,nan,nan,nan
46,0.00067918397477265,uncertainty_weighting,-6.110075782608789,0.2990862645740279,0.0644340423265457,0.08441825378685062,0.000690835954293888,0.0644340423265457,0.42209126182985474,0.0009047590202422144,0.48422255799154146,0.2652725520855035,0.2183570670541149,0.0005929409993367575,0.2652725520855035,1.0917853194741338,0.0008037996545171867,3.2332168740921454,0.9377537212449256,0.6284167794316644,0.9665600054354192,0.7824501834405291,0.05277401894451962,0.21055480378890393,0.7626752966558792,0.6540284360189573,0.5729813664596274,1.1341532468795776,3.6310744285583496,3.329237699508667,2.0884957313537598,3.670879364013672,3.448838949203491,2.3314082622528076,3.174515724182129,3.670879364013672,5.170879364013672,1.3869208097457886,5.170879364013672,nan,0.8203957382039574,0.40476190476190477,0.9709612817089452,-2.5040359497070312,-2.2936880588531494,-2.9894187450408936,12.231761932373047,9.911423683166504,19.874128341674805,nan,nan,nan,nan,nan,nan,nan,nan,nan,nan,nan
47,0.0006669034296168852,uncertainty_weighting,-6.2742359432956905,0.2847625890068209,0.05802367339946879,0.08386931675484295,0.0004883052239567965,0.05802367339946879,0.4193465770736956,0.000643775639896645,0.509258726323893,0.2779743350810385,0.2306440627300691,0.0006403338131167155,0.2779743350810385,1.1532202816461194,0.0009501887145118235,3.4010523660236416,0.9447902571041948,0.6083897158322057,0.971203748590001,0.7999574420252783,0.007577807848443843,0.1889039242219215,0.8004314994606256,0.5888625592417062,0.5341614906832298,1.1640385389328003,3.9343504905700684,3.592543125152588,1.5980318784713745,4.4744768142700195,4.268014907836914,1.743371844291687,5.657957553863525,2.9343454837799072,4.434345722198486,1.7633589506149292,4.434351444244385,nan,0.9665144596651446,0.40476190476190477,0.9475967957276369,-2.537334680557251,-2.3211302757263184,-3.0542612075805664,12.64592170715332,10.187182426452637,21.20551300048828,nan,nan,nan,nan,nan,nan,nan,nan,nan,nan,nan
48,0.0006545084971874735,uncertainty_weighting,-6.314645823639616,0.28804566286888766,0.06242791341319189,0.08043519354907287,0.0011597246516388917,0.06242791341319189,0.4021759621911231,0.0014630388781569537,0.4901985512373412,0.2639420430860274,0.22524248323276014,0.0010140216268828398,0.2639420430860274,1.126212408626515,0.0014864980128778999,3.7898186825018376,0.9437077131258458,0.6124492557510148,0.9673509434659734,0.7996179369173607,0.04979702300405954,0.1986468200270636,0.7745415318230853,0.6421800947867299,0.5295031055900621,1.7315739393234253,4.216710567474365,3.965752363204956,2.788492202758789,4.3376030921936035,4.146354675292969,3.1569466590881348,4.269983768463135,3.8459627628326416,4.837603569030762,2.2949094772338867,4.837610721588135,nan,0.8264840182648402,0.40476190476190477,0.9769692923898531,-2.5615105628967285,-2.3491804599761963,-3.118351697921753,12.95537281036377,10.476980209350586,22.609081268310547,nan,nan,nan,nan,nan,nan,nan,nan,nan,nan,nan
49,0.0006420076723519612,uncertainty_weighting,-6.462489519933368,0.27614999682719094,0.05881755471827258,0.07838317440906449,0.0008742690269439444,0.05881755471827258,0.39191586378698334,0.001079304324723548,0.5228870011795519,0.28679310160012306,0.23557063934364242,0.0005232598116975504,0.28679310160012306,1.177853179752262,0.0007618630406697544,3.033642120445931,0.9410013531799729,0.6102841677943166,0.9661549147524461,0.8043591453052649,0.05277401894451962,0.19702300405953993,0.7626752966558792,0.6504739336492891,0.5295031055900621,1.1242451667785645,3.5373971462249756,2.8030402660369873,1.8446625471115112,3.862043857574463,2.495332956314087,1.9237555265426636,1.788913607597351,3.324507713317871,4.824507713317871,0.6105499863624573,4.824509620666504,nan,0.8051750380517504,0.4523809523809524,0.9776368491321762,-2.5894267559051514,-2.3791656494140625,-3.182512044906616,13.32213306427002,10.795891761779785,24.107236862182617,nan,nan,nan,nan,nan,nan,nan,nan,nan,nan,nan
50,0.0006294095225512601,uncertainty_weighting,-6.567177699737161,0.27157150758424164,0.056521263636386765,0.07839876027090723,0.0008657314205455774,0.056521263636386765,0.39199379683117863,0.0009820907417359345,0.5118455819735185,0.2703381544924234,0.24101788120518194,0.0004895460533535206,0.2703381544924234,1.205089390229469,0.0006871255626964997,2.886195741759015,0.9502029769959405,0.6037889039242219,0.9670133540284613,0.7999827084641127,0.04925575101488498,0.20487144790257103,0.6580366774541532,0.7488151658767772,0.5263975155279503,1.0166622400283813,3.3891077041625977,3.0387775897979736,1.586219310760498,3.4607093334198,2.808701753616333,1.9931693077087402,2.4386208057403564,3.4607093334198,4.960709571838379,1.290611982345581,4.960709571838379,nan,0.969558599695586,0.4523809523809524,0.9529372496662216,-2.620560884475708,-2.4055304527282715,-3.2468323707580566,13.743430137634277,11.084308624267578,25.708776473999023,nan,nan,nan,nan,nan,nan,nan,nan,nan,nan,nan
51,0.0006167226819279525,uncertainty_weighting,-6.635392626138628,0.2727906405835599,0.05700847444543894,0.07877067291429726,0.0006161736397145949,0.05700847444543894,0.39385335592459375,0.0007684767526547443,0.5084232649880591,0.27748180531035904,0.23035748113798676,0.0005839753325421146,0.27748180531035904,1.1517873789847946,0.0008960268468405744,3.2459138148883326,0.9404600811907984,0.6243572395128552,0.9651283026695834,0.8102351241219141,0.05277401894451962,0.1834912043301759,0.7669902912621359,0.6386255924170616,0.5543478260869565,1.241611361503601,3.75228214263916,3.439091920852661,1.8549275398254395,3.968134641647339,3.470900297164917,2.531083822250366,2.2778422832489014,3.5077178478240967,5.007717609405518,0.8440122604370117,5.00771951675415,nan,0.8082191780821918,0.40476190476190477,0.9769692923898531,-2.6474153995513916,-2.428506851196289,-3.3114287853240967,14.11750316619873,11.341934204101562,27.42428207397461,nan,nan,nan,nan,nan,nan,nan,nan,nan,nan,nan
52,0.0006039558454088793,uncertainty_weighting,-6.706534034450443,0.2731334485500822,0.05753971826740615,0.0786286665736219,0.0003983389483775473,0.05753971826740615,0.3931433240481258,0.0005548383115314503,0.5337182522626627,0.2804440800408065,0.25294547563718683,0.00032869251028266617,0.2804440800408065,1.2647273559208974,0.0005161441222377655,2.3885479877529887,0.9415426251691476,0.6016238159675237,0.972126864662448,0.8051250310754033,0.007307171853856563,0.18944519621109607,0.7357065803667745,0.6457345971563981,0.5139751552795031,0.9365767240524292,2.6694562435150146,2.344910144805908,1.9472248554229736,2.7662837505340576,2.320167064666748,2.277265787124634,1.2815378904342651,2.5667340755462646,3.3367910385131836,0.4530036151409149,3.3367931842803955,nan,0.928462709284627,0.4523809523809524,0.9512683578104139,-2.6689212322235107,-2.447481393814087,-3.376403570175171,14.424400329589844,11.559197425842285,29.265331268310547,nan,nan,nan,nan,nan,nan,nan,nan,nan,nan,nan
53,0.0005911177627460734,uncertainty_weighting,-6.77028218033425,0.27270455765535945,0.05961985089922926,0.07621481512105864,0.0005176123172698691,0.05961985089922926,0.381074067593068,0.0006972163670742211,0.4846433451759638,0.24794497792388492,0.23614657337352613,0.0005517960932951405,0.24794497792388492,1.1807328432596746,0.0008366955682403422,2.8144301730846712,0.9472259810554804,0.6159675236806496,0.9703316626622409,0.8117293470501689,0.004871447902571042,0.16968876860622462,0.7799352750809061,0.6291469194312796,0.5170807453416149,1.2899460792541504,3.3168303966522217,4.08713436126709,2.430476427078247,3.2519967555999756,3.3269824981689453,2.6012942790985107,1.7695783376693726,2.7713756561279297,4.046716213226318,0.16038000583648682,4.046749591827393,nan,0.9786910197869102,0.4523809523809524,0.9472630173564753,-2.686842679977417,-2.468824625015259,-3.441152572631836,14.685236930847168,11.80855941772461,31.222923278808594,nan,nan,nan,nan,nan,nan,nan,nan,nan,nan,nan
54,0.000578217232520115,uncertainty_weighting,-6.69443831076545,0.2914407507853554,0.07039850662116513,0.07478906913092567,0.0005328013611569863,0.07039850662116513,0.3739453389464464,0.0006943193233692777,0.5148380568530788,0.26787009935256434,0.2464526995835027,0.0005152581679900662,0.26787009935256434,1.2322634836011068,0.0007783190130176721,3.1692458662434912,0.9364005412719891,0.6246278755074425,0.9645670282692653,0.8210094217764565,0.05277401894451962,0.17158322056833558,0.7540453074433657,0.6362559241706162,0.5543478260869565,1.1303702592849731,3.4201722145080566,3.4527220726013184,1.4863640069961548,3.547837734222412,3.3213765621185303,2.159942626953125,4.199629783630371,3.2311809062957764,4.698633670806885,0.6699792742729187,4.698635578155518,nan,0.8264840182648402,0.5,0.9666221628838452,-2.689061164855957,-2.4921786785125732,-3.505770206451416,14.717851638793945,12.0875825881958,33.30708694458008,nan,nan,nan,nan,nan,nan,nan,nan,nan,nan,nan
55,0.0005652630961100254,uncertainty_weighting,-7.004290953760853,0.258229051632503,0.05549910921253878,0.07319451425799485,0.00042090200429676457,0.05549910921253878,0.36597256719348464,0.0005763504755311453,0.518441169881369,0.27538264138127533,0.24266381728310385,0.000394715665102683,0.27538264138127533,1.2133190688648146,0.0005787581212771993,2.945955344183885,0.9442489851150203,0.613531799729364,0.9654880633186986,0.8198444503300099,0.05250338294993234,0.16535859269282815,0.7777777777777778,0.6481042654028436,0.5248447204968945,0.8509239554405212,3.382113456726074,2.030456066131592,1.5774668455123901,3.5941033363342285,2.1858017444610596,1.9233322143554688,2.1239330768585205,3.5941033363342285,5.094103813171387,0.8106256723403931,5.094161510467529,nan,0.8051750380517504,0.4523809523809524,0.9816421895861148,-2.7014963626861572,-2.5117504596710205,-3.570618152618408,14.90201473236084,12.326488494873047,35.53855514526367,nan,nan,nan,nan,nan,nan,nan,nan,nan,nan,nan
56,0.0005522642316338264,uncertainty_weighting,-7.008936546193442,0.2667411320640356,0.060134322251958895,0.07285175149101543,0.00038449274268571187,0.060134322251958895,0.36425875107572314,0.0005344390715939217,0.519306320492405,0.27297725015306024,0.24594409497245562,0.00038497159112602753,0.27297725015306024,1.2297204553838996,0.0005871593570639158,2.6917750726469016,0.9502029769959405,0.6230040595399188,0.9688859127146844,0.8087044664709796,0.0516914749661705,0.19431664411366711,0.7065803667745415,0.6469194312796208,0.5496894409937888,0.9719135761260986,2.960768461227417,2.6101131439208984,1.7159427404403687,3.110299587249756,2.60976505279541,2.5274529457092285,3.152135133743286,2.8399908542633057,4.339990615844727,0.5306971073150635,4.339993476867676,nan,0.9649923896499238,0.4523809523809524,0.9539385847797063,-2.7187979221343994,-2.5325729846954346,-3.6354868412017822,15.16208553314209,12.585848808288574,37.920310974121094,nan,nan,nan,nan,nan,nan,nan,nan,nan,nan,nan
57,0.0005392295478639221,uncertainty_weighting,-7.2668195692523145,0.24060547446135752,0.04962130963723004,0.07017516857523026,0.0005062590289715002,0.04962130963723004,0.3508758359371812,0.000686825975513138,0.5474848644013979,0.29731958869022995,0.2497840285502848,0.0003812426928820212,0.29731958869022995,1.2489201248901944,0.0005458298073898804,2.7538627858750506,0.9428958051420839,0.6227334235453316,0.9658174758513631,0.8167401182628021,0.05196211096075778,0.18051420838971582,0.7756202804746494,0.6018957345971564,0.5388198757763976,0.8973327875137329,2.9469759464263916,2.471379041671753,1.81278395652771,3.179731607437134,2.043154716491699,1.7592891454696655,2.2450244426727295,2.9038636684417725,4.371201038360596,0.1532636433839798,4.371201515197754,nan,0.821917808219178,0.4523809523809524,0.9763017356475301,-2.7425734996795654,-2.556152105331421,-3.7000274658203125,15.526891708374023,12.886137962341309,40.44841766357422,nan,nan,nan,nan,nan,nan,nan,nan,nan,nan,nan
58,0.0005261679781214714,uncertainty_weighting,-7.3081410969008305,0.24439564676861472,0.05213414363338133,0.06961901861897282,0.0004446611654537007,0.05213414363338133,0.34809508767900554,0.0005932329439768987,0.52417546907523,0.28707775462302854,0.23640184804535042,0.00069587085169522,0.28707775462302854,1.1820092210588984,0.0009924532974791664,3.126336976377412,0.9480378890392422,0.6243572395128552,0.9687567898037378,0.8254082112247517,0.0503382949932341,0.1702300405953992,0.7756202804746494,0.6789099526066351,0.5388198757763976,1.4383275508880615,3.6303353309631348,3.755699872970581,3.051210403442383,3.6303353309631348,3.7193503379821777,3.3596351146698,2.5092785358428955,3.9452531337738037,4.130335330963135,0.14745891094207764,4.130351543426514,nan,0.9680365296803652,0.4523809523809524,0.9506008010680908,-2.7658863067626953,-2.5773048400878906,-3.76468825340271,15.893119812011719,13.16161823272705,43.15025329589844,nan,nan,nan,nan,nan,nan,nan,nan,nan,nan,nan
59,0.0005130884741539361,uncertainty_weighting,-7.340671828282248,0.2484278957110956,0.05503947367548304,0.06869681028632195,0.00047766366649910224,0.05503947367548304,0.3434840444752854,0.0006347810399740106,0.5489231779062377,0.2854679001845591,0.26283220168056926,0.0006230672167019266,0.2854679001845591,1.3141609840367257,0.0009496330010738723,3.2025655480147885,0.9493910690121786,0.6289580514208389,0.970395665541445,0.8265382205150641,0.050608930987821384,0.16184032476319352,0.7734627831715211,0.6445497630331753,0.5403726708074534,1.258729100227356,3.6178975105285645,3.5744385719299316,1.934118628501892,3.813448667526245,3.4332363605499268,2.3776819705963135,3.6747934818267822,3.3329832553863525,4.832983016967773,1.4778647422790527,4.832983493804932,nan,0.958904109589041,0.4523809523809524,0.9542723631508678,-2.780578136444092,-2.5960328578948975,-3.829155445098877,16.12834358215332,13.410431861877441,46.02365493774414,nan,nan,nan,nan,nan,nan,nan,nan,nan,nan,nan
60,0.0004999999999999997,uncertainty_weighting,-7.444891343338028,0.24390239451504048,0.05316788977128897,0.0683661512642877,0.00041715591554250493,0.05316788977128897,0.34183074797272245,0.0005535566982362083,0.5507090373355417,0.29510219954508726,0.2552194281505151,0.00038741117758242885,0.29510219954508726,1.2760971220323616,0.0005890091346653685,2.846392880752673,0.9426251691474966,0.6276048714479026,0.96773403962205,0.832827768638936,0.05250338294993234,0.15723951285520973,0.7820927723840345,0.6623222748815166,0.5512422360248447,0.9077664613723755,3.194883346557617,2.6444787979125977,1.4001367092132568,3.3203821182250977,2.3559658527374268,1.719896674156189,3.055795669555664,3.2221059799194336,3.917958974838257,1.0440860986709595,3.918017864227295,nan,0.8127853881278538,0.4523809523809524,0.9779706275033377,-2.798903226852417,-2.613158702850342,-3.8937182426452637,16.426620483398438,13.642073631286621,49.09309005737305,nan,nan,nan,nan,nan,nan,nan,nan,nan,nan,nan
61,0.00048691152584606306,uncertainty_weighting,-7.466173912567382,0.2496503307127146,0.05510764727733501,0.0693012947744355,0.000416224062297072,0.05510764727733501,0.34650646782165156,0.0005674872136962264,0.5548085105757913,0.2994723427118242,0.2549162009249521,0.0004199622534086275,0.2994723427118242,1.274580978056736,0.000635893554622068,2.8247338742576162,0.9469553450608931,0.6332882273342354,0.9712593982106059,0.8211953341947676,0.050608930987821384,0.1699594046008119,0.6752966558791802,0.7203791469194313,0.5481366459627329,0.9268118143081665,3.192575693130493,2.822998046875,1.4601974487304688,3.4187657833099365,2.518460750579834,1.8400672674179077,3.7268574237823486,3.025595188140869,4.525595188140869,1.1661466360092163,4.525717258453369,nan,0.939117199391172,0.4523809523809524,0.955607476635514,-2.8077850341796875,-2.6278178691864014,-3.9582905769348145,16.57316780090332,13.84352970123291,52.36772918701172,nan,nan,nan,nan,nan,nan,nan,nan,nan,nan,nan
62,0.00047383202187852773,uncertainty_weighting,-7.681650757090035,0.23041384961998998,0.0488869431246336,0.06587452962710598,0.0004454524883666803,0.0488869431246336,0.32937264010797895,0.0005878028655715453,0.5942866086637215,0.33324772962375326,0.2604301153323002,0.0006087656545607783,0.33324772962375326,1.3021505657165073,0.0008921881411911439,3.3440111683516043,0.9380243572395128,0.6230040595399188,0.9644145878015637,0.8268771055493093,0.052232746955345064,0.15751014884979703,0.727076591154261,0.7180094786729858,0.5279503105590062,1.077892780303955,3.9347891807556152,2.558725357055664,1.5933992862701416,4.230648040771484,3.4216315746307373,2.1617937088012695,5.550607204437256,3.2307236194610596,4.730723857879639,1.6712952852249146,5.664262771606445,nan,0.9208523592085236,0.4523809523809524,0.9485981308411215,-2.828756093978882,-2.645974636077881,-4.0227203369140625,16.924394607543945,14.097177505493164,55.85283660888672,nan,nan,nan,nan,nan,nan,nan,nan,nan,nan,nan
63,0.00046077045213607716,uncertainty_weighting,-7.700153355849721,0.23623559887154333,0.052480518844947095,0.06525576130025393,0.0003815191431199279,0.052480518844947095,0.3262788001469327,0.000532845621356955,0.5738256761443793,0.30079824651045795,0.2726372692355929,0.0003901562062032264,0.30079824651045795,1.3631863193357103,0.0005857360350309602,2.9124378900034076,0.9412719891745602,0.6248985115020298,0.9688170189931888,0.8368961302083608,0.053585926928281465,0.1469553450608931,0.7637540453074434,0.6504739336492891,0.5341614906832298,0.9360417127609253,3.032835006713867,2.788501262664795,1.6464577913284302,3.322162628173828,2.2646238803863525,2.205838680267334,1.827204942703247,3.3349127769470215,4.8349127769470215,0.5035170316696167,4.8349127769470215,nan,0.8203957382039574,0.4523809523809524,0.9746328437917223,-2.8466925621032715,-2.6633527278900146,-4.087249279022217,17.230697631835938,14.3443021774292,59.57579040527344,nan,nan,nan,nan,nan,nan,nan,nan,nan,nan,nan
64,0.00044773576836617293,uncertainty_weighting,-7.882648884013212,0.22190549851574534,0.0471155709478912,0.06340018501163243,0.00043699333718467666,0.0471155709478912,0.3170009197423719,0.0005883698919999155,0.5984872740402273,0.322530348455793,0.27558156130923633,0.0003753668920458981,0.322530348455793,1.3779077828011106,0.0005625577310178333,2.6474982367533797,0.9437077131258458,0.6481732070365359,0.9713316535350506,0.8368817023250162,0.04952638700947226,0.1361299052774019,0.7259978425026968,0.6682464454976303,0.5729813664596274,0.9338316321372986,2.8137500286102295,2.7576818466186523,1.4820809364318848,3.1380021572113037,2.3972253799438477,1.9939712285995483,2.0700578689575195,3.1752893924713135,4.643680572509766,0.560701847076416,4.643682479858398,nan,0.9680365296803652,0.42857142857142855,0.9455941255006676,-2.8651840686798096,-2.6847214698791504,-4.151514530181885,17.552282333374023,14.654118537902832,63.53014373779297,nan,nan,nan,nan,nan,nan,nan,nan,nan,nan,nan
65,0.0004347369038899739,uncertainty_weighting,-7.879231168899384,0.22935120754542979,0.05126486508432325,0.06290705825091562,0.0005036804236962021,0.05126486508432325,0.31453528801588115,0.0006693930318231149,0.5737434382851617,0.31893595587739443,0.25428417483105226,0.0005233128469894831,0.31893595587739443,1.2714208484825165,0.0007452723830724097,3.0581372677383993,0.9472259810554804,0.6311231393775372,0.9689264215973582,0.8293894465275388,0.05115020297699594,0.15994587280108255,0.6903991370010788,0.7037914691943128,0.5652173913043478,0.9963151812553406,3.5770037174224854,2.398923873901367,1.3066556453704834,3.8020217418670654,2.69262433052063,1.7467641830444336,4.875001907348633,3.455209493637085,4.955209255218506,1.544819712638855,4.955210208892822,nan,0.9512937595129376,0.4523809523809524,0.9532710280373832,-2.8784449100494385,-2.7034881114959717,-4.215507507324219,17.786592483520508,14.931724548339844,67.72853088378906,nan,nan,nan,nan,nan,nan,nan,nan,nan,nan,nan
66,0.00042178276747988416,uncertainty_weighting,-7.894684877562375,0.2359617964038183,0.05428115969269222,0.06337450763654763,0.000325230608782125,0.05428115969269222,0.3168725319938295,0.00045420897341552456,0.5395576625134851,0.280015433108855,0.2591843076826594,0.0003579228473398759,0.280015433108855,1.2959215034490026,0.00053124993460452,2.4600662083631795,0.9499323410013532,0.6332882273342354,0.9682882517556974,0.8341867615327677,0.05115020297699594,0.1445196211096076,0.7518878101402373,0.6398104265402843,0.5450310559006211,0.8861860632896423,2.7437620162963867,2.778080940246582,1.812933325767517,2.8989315032958984,2.539316177368164,1.6907541751861572,1.2854163646697998,2.687998056411743,4.187998294830322,0.6031299829483032,4.187998294830322,nan,0.9649923896499238,0.5238095238095238,0.9526034712950601,-2.88474440574646,-2.7174816131591797,-4.280135154724121,17.898990631103516,15.142139434814453,72.25020599365234,nan,nan,nan,nan,nan,nan,nan,nan,nan,nan,nan
67,0.000408882237253926,uncertainty_weighting,-8.005040151828126,0.2299325928561693,0.051406841756889456,0.06311489189510965,0.0004445628092919747,0.051406841756889456,0.31557445319423416,0.0005944420257179691,0.5698153057343582,0.3158390789538501,0.25358898288826176,0.00038725030721897444,0.3158390789538501,1.2679449008830668,0.000535189761012712,2.4806523293337075,0.9418132611637348,0.6286874154262517,0.9700138228262025,0.8352335188312071,0.05142083897158322,0.15967523680649526,0.7918015102481122,0.6398104265402843,0.5481366459627329,0.9709225296974182,2.7887425422668457,2.3561851978302,1.5473567247390747,2.8297688961029053,2.0310041904449463,1.9285982847213745,1.6968706846237183,3.054272174835205,4.288742542266846,-0.12199252098798752,4.288742542266846,nan,0.9452054794520548,0.5,0.9472630173564753,-2.894209861755371,-2.7274959087371826,-4.344186782836914,18.069217681884766,15.294539451599121,77.02937316894531,nan,nan,nan,nan,nan,nan,nan,nan,nan,nan,nan
68,0.0003960441545911199,uncertainty_weighting,-8.10128583168982,0.22477866545336686,0.05125762602016064,0.060585960492485415,0.0005457459879716297,0.05125762602016064,0.3029297966927234,0.0007355859509538073,0.5465091129762394,0.28060862981740775,0.2654801108840354,0.00042036169490408963,0.28060862981740775,1.3274005206253918,0.0006421585809578047,2.638328783892394,0.9483085250338295,0.6300405953991881,0.9717318058467902,0.8347536616298253,0.04925575101488498,0.16102841677943167,0.7152103559870551,0.6481042654028436,0.5496894409937888,1.0697098970413208,2.8732709884643555,2.3059937953948975,1.6827160120010376,3.1089019775390625,2.3543903827667236,1.9457091093063354,2.7493016719818115,2.8773465156555176,4.3732709884643555,0.6475381851196289,4.3732709884643555,nan,0.9619482496194824,0.5,0.9516021361815754,-2.8990519046783447,-2.7434568405151367,-4.407695293426514,18.156923294067383,15.540614128112793,82.080078125,nan,nan,nan,nan,nan,nan,nan,nan,nan,nan,nan
69,0.00038327731807204696,uncertainty_weighting,-8.256518960713086,0.21631835606784192,0.047509831756081124,0.06033584463594721,0.00031350121798633405,0.047509831756081124,0.30167921858132735,0.00045062137531630246,0.5827665476095693,0.3017629424677166,0.28064708096732627,0.0003565232948424025,0.3017629424677166,1.4032353625084615,0.0005381782336446617,2.552287963083863,0.9515561569688769,0.6349120433017591,0.9688750096331596,0.8402904220327391,0.04817320703653586,0.15534506089309877,0.6731391585760518,0.6137440758293838,0.562111801242236,0.8771977424621582,2.974055528640747,2.789116621017456,1.6235642433166504,2.974055528640747,2.351929187774658,1.7902971506118774,1.4324878454208374,2.974055528640747,4.474055290222168,0.5589784979820251,4.474099159240723,nan,0.9680365296803652,0.4523809523809524,0.9549399198931909,-2.915886402130127,-2.7612364292144775,-4.472102165222168,18.465171813964844,15.819390296936035,87.54055786132812,nan,nan,nan,nan,nan,nan,nan,nan,nan,nan,nan
70,0.0003705904774487393,uncertainty_weighting,-8.156546020098164,0.2342821516137611,0.05549633061758179,0.06132403344152137,0.0003207117914868399,0.05549633061758179,0.3066201602686367,0.00045715201264755244,0.5689959076163894,0.2906435888658841,0.27799523125159403,0.00035708496646851007,0.2906435888658841,1.3899761356100824,0.0005434122267216999,2.527314628360263,0.943978349120433,0.6289580514208389,0.968061487900175,0.8461787659355935,0.050608930987821384,0.14803788903924223,0.7259978425026968,0.6137440758293838,0.5683229813664596,0.895495593547821,2.7737984657287598,2.497661590576172,1.7152905464172363,3.031538963317871,2.5304579734802246,2.176325798034668,1.6344023942947388,2.6288816928863525,4.128881454467773,0.6088969707489014,4.128888130187988,nan,0.9634703196347032,0.5,0.9459279038718291,-2.9201364517211914,-2.7695353031158447,-4.536581993103027,18.5438175201416,15.951220512390137,93.37110900878906,nan,nan,nan,nan,nan,nan,nan,nan,nan,nan,nan
71,0.0003579923276480383,uncertainty_weighting,-8.352489073152904,0.2193411622556817,0.05062328245482,0.05874131127026287,0.0003059875083656722,0.05062328245482,0.2937065501276973,0.0004370484267722294,0.5303174186946574,0.2544934855423696,0.27544719332448525,0.00037673300004397874,0.2544934855423696,1.3772359452163738,0.0005627781084356817,2.674230794166456,0.9472259810554804,0.6211096075778079,0.9698687207313273,0.8382870376217606,0.05087956698240866,0.16021650879566982,0.6903991370010788,0.7061611374407583,0.5419254658385093,0.8583625555038452,3.1270666122436523,1.99220871925354,1.3997607231140137,3.4633285999298096,2.336625576019287,1.870919108390808,1.980107069015503,3.5104446411132812,5.010444641113281,0.9518730640411377,5.010444641113281,nan,0.9497716894977168,0.5,0.9529372496662216,-2.9199185371398926,-2.7848989963531494,-4.6010260581970215,18.539777755737305,16.19818115234375,99.5864486694336,nan,nan,nan,nan,nan,nan,nan,nan,nan,nan,nan
72,0.000345491502812526,uncertainty_weighting,-8.432593251740164,0.2173457141796368,0.04932055429076714,0.05901079769855085,0.00034150540395040327,0.04932055429076714,0.2950539833347294,0.00046916965363828143,0.543389531336876,0.27024828752097,0.2724460546073475,0.0006951794293879233,0.27024828752097,1.3622302497030112,0.001024304079339261,3.3186896721110486,0.9456021650879567,0.6286874154262517,0.9678583515178112,0.8490469746264461,0.0516914749661705,0.14479025710419485,0.7551240560949298,0.6433649289099526,0.5496894409937888,1.1616096496582031,4.4713358879089355,2.896693468093872,1.4626319408416748,4.547416687011719,3.76702618598938,1.9068303108215332,5.332711696624756,3.4713358879089355,4.9713358879089355,0.6854625344276428,4.971338748931885,nan,0.9497716894977168,0.47619047619047616,0.9512683578104139,-2.931396007537842,-2.7982709407806396,-4.665261745452881,18.753793716430664,16.416236877441406,106.19337463378906,nan,nan,nan,nan,nan,nan,nan,nan,nan,nan,nan
73,0.0003330965703831143,uncertainty_weighting,-8.561791795186739,0.2103673383657567,0.04645193414466806,0.05840941709937039,0.0003223181178172702,0.04645193414466806,0.2920470809311232,0.00045941464703635326,0.5661233975051705,0.29338761697925314,0.2724017210758426,0.00033405846180469906,0.29338761697925314,1.3620085928533654,0.0005159556644046188,2.6127991174878433,0.9445196211096076,0.6297699594046008,0.9663242101015891,0.84423574942143,0.05331529093369418,0.15182679296346413,0.7605177993527508,0.6350710900473934,0.5543478260869565,0.9053324460983276,2.7627673149108887,2.081399917602539,1.747430443763733,3.01462459564209,2.159369945526123,2.0020899772644043,2.4369418621063232,3.01462459564209,4.51462459564209,0.7541451454162598,4.514639854431152,nan,0.9452054794520548,0.47619047619047616,0.9509345794392523,-2.945340871810913,-2.8082635402679443,-4.729400157928467,19.01714324951172,16.581100463867188,113.22763061523438,nan,nan,nan,nan,nan,nan,nan,nan,nan,nan,nan
74,0.0003208160252273496,uncertainty_weighting,-8.646359982497176,0.20709377514255106,0.04686419795271172,0.056305557114364406,0.00037713247513255073,0.04686419795271172,0.2815277817061206,0.0005030063545679344,0.5562857458491448,0.28927718509840544,0.26600789415658893,0.0010006719264447567,0.28927718509840544,1.3300394524740753,0.0014489147676651508,3.689901828868822,0.9537212449255751,0.6370771312584573,0.9721340571706508,0.8487024478972871,0.04844384303112314,0.13829499323410013,0.7454153182308522,0.6528436018957346,0.577639751552795,1.7724159955978394,4.313993453979492,3.883815050125122,2.938520669937134,4.5131072998046875,4.007189750671387,3.505565643310547,3.2747139930725098,4.660530090332031,5.095638751983643,2.349590539932251,5.095638751983643,nan,0.9634703196347032,0.5,0.9579439252336449,-2.9592108726501465,-2.8244786262512207,-4.793234825134277,19.28274917602539,16.852157592773438,120.691162109375,nan,nan,nan,nan,nan,nan,nan,nan,nan,nan,nan
75,0.00030865828381745485,uncertainty_weighting,-8.784471488415823,0.1993001145808506,0.04413370242882925,0.05515746403343773,0.00035889137056469396,0.04413370242882925,0.2757873137551547,0.0004917503161282972,0.5688273171449385,0.2969531559008545,0.27145167603705667,0.00042247830421307173,0.2969531559008545,1.3572583626345789,0.0006351585240804002,2.70188008288528,0.9461434370771312,0.638700947225981,0.9696590395726398,0.8504990795302417,0.0530446549391069,0.13748308525033828,0.7281553398058253,0.7132701421800948,0.5543478260869565,0.9309330582618713,3.098803997039795,2.377864360809326,2.1264941692352295,3.30252742767334,2.4567205905914307,1.9604893922805786,2.934487819671631,2.795356273651123,4.295356273651123,1.24004065990448,4.295356273651123,nan,0.9497716894977168,0.5,0.9516021361815754,-2.9760186672210693,-2.845006227493286,-4.856837749481201,19.609588623046875,17.2016658782959,128.61685180664062,nan,nan,nan,nan,nan,nan,nan,nan,nan,nan,nan
76,0.00029663167846209965,uncertainty_weighting,-8.733051944005453,0.21145153280228812,0.04885017706203089,0.05653458190102046,0.00034100728256179584,0.04885017706203089,0.2826729059702573,0.00048495337817083416,0.5574080818560836,0.27742977404465374,0.27958266375351987,0.00039564238521566615,0.27742977404465374,1.397913287037603,0.0005826309646091629,2.731687141683917,0.9502029769959405,0.6365358592692828,0.969878338182183,0.8507901062980017,0.04844384303112314,0.1317997293640054,0.7443365695792881,0.6481042654028436,0.5822981366459627,0.8534092307090759,3.1686458587646484,2.523329973220825,1.7145273685455322,3.208408832550049,2.660217046737671,1.7497751712799072,3.2519474029541016,3.1686458587646484,4.668645858764648,1.0398660898208618,4.668652534484863,nan,0.9726027397260274,0.5,0.9516021361815754,-2.9820334911346436,-2.8536438941955566,-4.920617580413818,19.72789192199707,17.350893020629883,137.08724975585938,nan,nan,nan,nan,nan,nan,nan,nan,nan,nan,nan
77,0.0002847444515958523,uncertainty_weighting,-8.892389481365807,0.20120579714682482,0.0462909143778004,0.05398883972666543,0.00032314526035454174,0.0462909143778004,0.2699441945291747,0.0004444223078150827,0.5731359519881066,0.2876604420648376,0.2847056629854546,0.000769848586107366,0.2876604420648376,1.4235282767286803,0.001144133049065905,3.3374929327018608,0.945872801082544,0.637618403247632,0.968161632257381,0.8509495221986482,0.05006765899864682,0.1345060893098782,0.7637540453074434,0.6563981042654028,0.5698757763975155,1.4599635601043701,3.821531295776367,3.3564085960388184,2.1204211711883545,4.082698345184326,3.4853780269622803,2.414196491241455,3.9492480754852295,3.4979898929595947,4.997989654541016,1.8461366891860962,5.065608978271484,nan,0.9573820395738204,0.5,0.9495994659546061,-2.992581844329834,-2.871504068374634,-4.98441743850708,19.937089920043945,17.663564682006836,146.11842346191406,nan,nan,nan,nan,nan,nan,nan,nan,nan,nan,nan
