epoch,lr,loss_mode,train_loss,train_loss_fixed_total,train_loss_main,train_loss_turn,train_loss_theta,train_loss_main_base,train_loss_turn_base,train_loss_theta_base,train_loss_main_raw,train_loss_turn_raw,train_loss_theta_raw,train_loss_transition_focal_raw,train_loss_transition_focal_weighted,train_loss_stall_focal_raw,train_loss_stall_focal_weighted,train_loss_theta_smooth,val_loss,val_loss_main,val_loss_turn,val_loss_theta,val_loss_main_base,val_loss_turn_base,val_loss_theta_base,val_loss_main_raw,val_loss_turn_raw,val_loss_theta_raw,val_loss_transition_focal_raw,val_loss_transition_focal_weighted,val_loss_stall_focal_raw,val_loss_stall_focal_weighted,val_loss_theta_smooth,val_score,val_acc_main,val_acc_turn,val_main_confidence_mean,val_turn_confidence_mean,val_main_low_conf_0p60_ratio,val_turn_low_conf_0p60_ratio,val_turn_left_recall,val_turn_right_recall,val_acc_turn_transition,val_theta_mae_deg,val_theta_abs_le_10_p95_abs_err_deg,val_theta_neg_10_8_p95_abs_err_deg,val_theta_pos_8_10_p95_abs_err_deg,val_theta_abs_le_8_p95_abs_err_deg,val_theta_neg_8_6_p95_abs_err_deg,val_theta_pos_6_8_p95_abs_err_deg,val_theta_neg_2_0p5_p95_abs_err_deg,val_theta_pos_0p5_2_p95_abs_err_deg,val_theta_flat_abs_p95_deg,val_theta_flat_bias_deg,val_theta_near_flat_abs_p95_deg,val_theta_true_zero_abs_p95_deg,val_flat_recall,val_stall_recall,val_slope_recall,val_flat_as_stall_ratio,val_stall_as_flat_ratio,val_cm_main,val_cm_turn,s_main,s_turn,s_theta,weight_main,weight_turn,weight_theta,task_weight_main,task_weight_turn,task_weight_theta,initial_loss_main,initial_loss_turn,initial_loss_theta,grad_norm_main,grad_norm_turn,grad_norm_theta,gradnorm_loss,gradnorm_unstable
1,0.0009998286624877785,fixed,1.1775721728646666,2.3551443457293333,0.855659695212252,0.3047255741770265,0.017186904362733544,0.7543402062879442,0.20927048833669223,0.017186904362733544,0.7543402062879442,1.0463524315287827,0.020943868250382518,0.4772754179237037,0.09545508532872382,0.5065974525602913,0.10131949213122642,0.0,1.404117444161633,1.0874586249881895,0.3134716450926093,0.003187182676538583,0.6622096321095633,0.21255849019519693,0.003187182676538583,0.6622096321095633,1.0627924235489759,0.004108520423683448,0.5045657691516798,0.10091315496596981,2.126245006205103,0.4252490107358228,0.0,8.872502046486181,0.6933694181326117,0.3301759133964817,0.6660593892120428,0.4302987921907097,0.46359945872801084,0.9813261163734777,0.6925566343042071,0.44786729857819907,0.32608695652173914,2.65830397605896,7.5587286949157715,8.077240943908691,5.4782609939575195,7.586227893829346,7.466094017028809,6.579733848571777,8.32221508026123,5.651032447814941,8.567755699157715,-0.46850430965423584,9.219199180603027,nan,0.410958904109589,0.23809523809523808,0.7616822429906542,0.0015220700152207,0.09523809523809523,"[[270, 1, 386], [4, 10, 28], [207, 507, 2282]]","[[378, 152, 314], [625, 200, 1099], [241, 44, 642]]",nan,nan,nan,nan,nan,nan,nan,nan,nan,nan,nan,nan,nan,nan,nan,nan,nan
2,0.0009993147673772868,fixed,0.8320175289631726,1.6640350579263452,0.5327197875494215,0.29500306339934357,0.004294675390460163,0.4629484908400044,0.20313354546209955,0.004294675390460163,0.4629484908400044,1.0156677131017011,0.005445251913124932,0.45934757184611597,0.09186951581011653,0.3488564847046324,0.06977129797244132,0.0,1.2241953201319755,0.9205093557360369,0.30102619576357376,0.002659767440423188,0.42007945638870836,0.20589956326639539,0.002659767440423188,0.42007945638870836,1.0294977937564154,0.003594673023507483,0.4756331410798394,0.0951266307247669,2.5021494007239644,0.500429889846074,0.0,6.923580621233167,0.8587280108254398,0.3564276048714479,0.8170419154015148,0.4382683276442807,0.1483085250338295,0.9786197564276049,0.7659115426105717,0.476303317535545,0.34782608695652173,2.4824206829071045,7.327792167663574,7.901882171630859,5.369705677032471,7.3750200271606445,7.279881954193115,6.79871129989624,5.639481067657471,6.272885799407959,7.082629680633545,0.2818729281425476,8.076665878295898,nan,0.8812785388127854,0.23809523809523808,0.8624833110814419,0.0,0.38095238095238093,"[[579, 0, 78], [16, 10, 16], [341, 71, 2584]]","[[402, 70, 372], [723, 205, 996], [191, 26, 710]]",nan,nan,nan,nan,nan,nan,nan,nan,nan,nan,nan,nan,nan,nan,nan,nan,nan
3,0.000998458666866564,fixed,0.6387163118944243,1.2774326237888487,0.3444521920951022,0.28953880002764176,0.004725321246997573,0.28877800232006495,0.19947449196015318,0.004725321246997573,0.28877800232006495,0.997372438899113,0.006183411148332533,0.45032152906758893,0.09006430735979837,0.2783709459317359,0.05567419028946493,0.0,1.0007355557404287,0.6926438674633171,0.3050468157366906,0.0030448936533399623,0.3326229664324424,0.2082600696927317,0.0030448936533399623,0.3326229664324424,1.0413003284005253,0.004361425212008503,0.4839337243359531,0.09678674626777879,1.8001044195785574,0.3600208923296249,0.0,6.64038043269645,0.8882273342354533,0.33856562922868744,0.8653590082296512,0.445180318135127,0.09715832205683356,0.9542625169147496,0.4627831715210356,0.659952606635071,0.33695652173913043,2.976808786392212,7.644143104553223,8.1049165725708,8.006749153137207,7.441169261932373,8.504321098327637,9.252813339233398,3.5960426330566406,4.672116279602051,4.936831474304199,0.4708874523639679,6.412660598754883,nan,0.898021308980213,0.23809523809523808,0.8951935914552737,0.0,0.023809523809523808,"[[590, 0, 67], [1, 10, 31], [255, 59, 2682]]","[[557, 96, 191], [1123, 265, 536], [324, 174, 429]]",nan,nan,nan,nan,nan,nan,nan,nan,nan,nan,nan,nan,nan,nan,nan,nan,nan
4,0.0009972609476841365,fixed,0.5560071371476342,1.1120142742952683,0.2685404729741088,0.2831845707581519,0.004282094909735098,0.22774803767284915,0.1959730958033837,0.004282094909735098,0.22774803767284915,0.9798654620693156,0.005620101362339923,0.4360573684424928,0.08721147478934,0.20396216959427493,0.04079243462602225,0.0,0.9373474246594193,0.6353976821221905,0.2994159030172273,0.0025338345604251785,0.28047908373550084,0.20551180410852934,0.0025338345604251785,0.28047908373550084,1.0275590119729667,0.0033198412813382357,0.4695205040084493,0.0939041019373237,1.774592964972731,0.3549185946980726,0.0,6.208298792959487,0.9115020297699594,0.3675236806495264,0.8969019865832204,0.4626921792068859,0.08308525033829499,0.9353179972936401,0.6623516720604099,0.46327014218009477,0.358695652173913,2.437037944793701,6.704463481903076,7.625430583953857,5.672840595245361,6.7085113525390625,7.028761863708496,6.168841361999512,4.765952110290527,3.071141481399536,5.832006931304932,2.037330389022827,12.193846702575684,nan,0.8919330289193302,0.5476190476190477,0.920894526034713,0.0,0.07142857142857142,"[[586, 0, 71], [3, 23, 16], [188, 49, 2759]]","[[391, 139, 314], [695, 353, 876], [215, 98, 614]]",nan,nan,nan,nan,nan,nan,nan,nan,nan,nan,nan,nan,nan,nan,nan,nan,nan
5,0.000995722430686905,fixed,0.5278333720966738,1.0556667441933476,0.24616579025112945,0.27842270603513997,0.0032448793417841812,0.20157386360118548,0.19308586080920725,0.0032448793417841812,0.20157386360118548,0.9654292861139776,0.004229067985955133,0.42668422098290765,0.08533684563747486,0.22295962244967157,0.04459192508105146,0.0,0.8378214607542035,0.5349373072910051,0.3010777607338354,0.0018064115785001822,0.2761312629357081,0.20508745707500933,0.0018064115785001822,0.2761312629357081,1.025437264416634,0.0024554897091541746,0.479951505594873,0.09599030240261183,1.2940301803779815,0.258806035252403,0.0,5.392235085943228,0.9087956698240865,0.3910690121786198,0.8952435044309234,0.4660040213219641,0.08335588633288227,0.9347767253044655,0.5469255663430421,0.5710900473933649,0.3555900621118012,2.1528120040893555,5.5845513343811035,5.521324634552002,5.482795238494873,5.637702941894531,5.257943153381348,6.579647064208984,4.198173999786377,3.946173667907715,4.998046875,1.466410756111145,8.57501220703125,nan,0.8873668188736682,0.5952380952380952,0.917890520694259,0.0,0.07142857142857142,"[[583, 0, 74], [3, 25, 14], [148, 98, 2750]]","[[482, 131, 231], [813, 456, 655], [317, 103, 507]]",nan,nan,nan,nan,nan,nan,nan,nan,nan,nan,nan,nan,nan,nan,nan,nan,nan
6,0.0009938441702975688,fixed,0.47697174729045416,0.9539434945809083,0.20200725670655328,0.27216388732221947,0.002800601766587239,0.17042610515331616,0.18975052853516697,0.002800601766587239,0.17042610515331616,0.9487526333442408,0.0037084274359139367,0.4120667957428024,0.08241336041789528,0.1579057513750949,0.031581150751552524,0.0,0.9647461604362251,0.6526710483879455,0.3104258419696307,0.0016492791021436816,0.2718164740218523,0.20699212433762737,0.0016492791021436816,0.2718164740218523,1.0349606089888794,0.002379565850512726,0.5171685864057528,0.103433719920612,1.9042728727673344,0.38085458254484467,0.0,5.642409001462606,0.918809201623816,0.35128552097428956,0.9295832293189819,0.4912401989101025,0.07983761840324763,0.8397834912043302,0.6936353829557713,0.5035545023696683,0.33695652173913043,2.070557117462158,5.443324089050293,6.6615142822265625,4.957417964935303,5.428402423858643,4.735264778137207,4.757658004760742,2.7391340732574463,4.149918556213379,5.650235176086426,1.3972088098526,8.664885520935059,nan,0.756468797564688,0.47619047619047616,0.9606141522029372,0.0,0.0,"[[497, 0, 160], [0, 20, 22], [85, 33, 2878]]","[[425, 61, 358], [636, 230, 1058], [177, 107, 643]]",nan,nan,nan,nan,nan,nan,nan,nan,nan,nan,nan,nan,nan,nan,nan,nan,nan
7,0.0009916274537819772,fixed,0.4817936764855921,0.9635873529711843,0.20885217496845235,0.2706899400418449,0.00225156491164922,0.1652488176745781,0.1883579278107282,0.00225156491164922,0.1652488176745781,0.9417896200289447,0.002878062629687852,0.41166005730160177,0.08233201262733307,0.21801678454358475,0.04360335806323806,0.0,0.8731143359402358,0.5618940602942636,0.3095586377971066,0.0016616352252203453,0.27012694922448494,0.20640593493339657,0.0016616352252203453,0.27012694922448494,1.0320296565315237,0.002429585068654244,0.5157635177262581,0.10315270411992428,1.4588355353900466,0.2917671103817376,0.0,5.453704981805904,0.9020297699594046,0.4146143437077131,0.9137787213321664,0.5006327914414709,0.036806495263870094,0.8373477672530446,0.7680690399137001,0.3637440758293839,0.37732919254658387,1.9570999145507812,5.769539833068848,5.523125171661377,3.5404820442199707,5.99873161315918,4.316043376922607,4.437279224395752,5.8095269203186035,4.511900424957275,5.971338748931885,1.3961503505706787,9.280223846435547,nan,0.9497716894977168,0.5714285714285714,0.8961949265687583,0.0,0.023809523809523808,"[[624, 0, 33], [1, 24, 17], [183, 128, 2685]]","[[307, 177, 360], [363, 513, 1048], [136, 79, 712]]",nan,nan,nan,nan,nan,nan,nan,nan,nan,nan,nan,nan,nan,nan,nan,nan,nan
8,0.0009890738003669026,fixed,0.46420958611145735,0.9284191722229147,0.19635030049874624,0.2658210804991226,0.0020382034794777185,0.1621760208509248,0.18571269025628223,0.0020382034794777185,0.1621760208509248,0.9285634431037577,0.002675344840492662,0.4005419439903527,0.08010839007741216,0.17087139691627062,0.03417427975658836,0.0,0.9194235949296913,0.6167005097511172,0.30090901850847496,0.001814067416480353,0.25507894109969853,0.20086885178121405,0.001814067416480353,0.25507894109969853,1.0043442479973717,0.0026502717344319706,0.5002008268571836,0.10004016591868639,1.8081077943290211,0.361621565500753,0.0,5.325417359603481,0.9380243572395128,0.46305818673883625,0.9305203430503283,0.506187534776146,0.05926928281461434,0.8102841677943167,0.7626752966558792,0.4597156398104265,0.38354037267080743,2.214132308959961,6.074326515197754,5.7981672286987305,4.444687366485596,6.217982292175293,8.162769317626953,4.669815540313721,3.6904404163360596,4.882518768310547,4.754918098449707,-0.2047186642885208,5.496547698974609,nan,0.9634703196347032,0.5714285714285714,0.9375834445927904,0.0,0.0,"[[633, 0, 24], [0, 24, 18], [164, 23, 2809]]","[[388, 153, 303], [502, 616, 806], [140, 80, 707]]",nan,nan,nan,nan,nan,nan,nan,nan,nan,nan,nan,nan,nan,nan,nan,nan,nan
9,0.000986184960198838,fixed,0.44637800820279566,0.8927560164055913,0.18598892883713114,0.25884325882110387,0.0015458229669487575,0.15517489756705707,0.18156588658662506,0.0015458229669487575,0.15517489756705707,0.9078294188243968,0.0020272198647851834,0.38638686295739605,0.07727737338075664,0.1540701557259207,0.030814031442315825,0.0,0.9647727289928958,0.6505238468334059,0.3131874337973872,0.0010614382278889983,0.2510605386048757,0.20857689921442968,0.0010614382278889983,0.2510605386048757,1.0428844882606332,0.001562107082756289,0.5230526556746079,0.10461053274198863,1.9973165271476525,0.3994633138114842,0.0,4.477338220163348,0.9382949932341001,0.39756427604871447,0.9426720978095917,0.5237352229962279,0.06387009472259811,0.7843031123139378,0.7540453074433657,0.4940758293838863,0.36180124223602483,1.689694881439209,4.429800510406494,5.046257019042969,4.757620334625244,4.275830268859863,5.0894036293029785,4.051722049713135,2.923393487930298,2.5333034992218018,3.411465883255005,0.9417271018028259,5.6489949226379395,nan,0.9299847792998478,0.5238095238095238,0.9459279038718291,0.0,0.023809523809523808,"[[611, 0, 46], [1, 22, 19], [147, 15, 2834]]","[[417, 105, 322], [580, 353, 991], [178, 50, 699]]",nan,nan,nan,nan,nan,nan,nan,nan,nan,nan,nan,nan,nan,nan,nan,nan,nan
10,0.0009829629131445337,fixed,0.4398961044481499,0.8797922088962998,0.18008092333367662,0.258296499780103,0.0015186840316926545,0.14586908548711555,0.1807441095203401,0.0015186840316926545,0.14586908548711555,0.9037205293387854,0.0020237327954224834,0.38776193728204056,0.07755238917884495,0.1710591856987587,0.034211837818585965,0.0,0.9244500515264168,0.6087111250715423,0.31435030447936674,0.0013886124481660024,0.2428603915222927,0.2095788930725503,0.0013886124481660024,0.2428603915222927,1.0478944565188417,0.0020058684572148992,0.5238570287117938,0.10477140727723887,1.8292536631936807,0.365850737597531,0.0,4.6213957571596245,0.9418132611637348,0.4178619756427605,0.9400686197250612,0.5196512374915868,0.06847090663058186,0.7634641407307172,0.5738942826321467,0.5462085308056872,0.358695652173913,1.9991949796676636,4.9482102394104,4.970820903778076,3.0346078872680664,5.018340587615967,5.4582648277282715,3.1320557594299316,2.527714490890503,5.578062534332275,4.534631729125977,0.07725539058446884,5.081089496612549,nan,0.9254185692541856,0.5476190476190477,0.9509345794392523,0.0,0.0,"[[608, 0, 49], [0, 23, 19], [129, 18, 2849]]","[[461, 117, 266], [680, 551, 693], [270, 125, 532]]",nan,nan,nan,nan,nan,nan,nan,nan,nan,nan,nan,nan,nan,nan,nan,nan,nan
11,0.0009794098674340962,fixed,0.4404415488315224,0.8808830976630448,0.18506923627444827,0.25375712597169653,0.0016151893162533394,0.15525529245049316,0.1786375792962005,0.0016151893162533394,0.15525529245049316,0.8931878822722058,0.002128503765025462,0.37559772411530257,0.07511954600814863,0.14906972264850699,0.029813945194351262,0.0,0.8238869409438561,0.5099543256672535,0.31319324592776165,0.0007393697149426511,0.229693540160485,0.20915531873783658,0.0007393697149426511,0.229693540160485,1.0457765706659816,0.0010707736303286277,0.5201896202902994,0.1040379251936937,1.401303887240031,0.2802607792032785,0.0,3.7885606341385443,0.937212449255751,0.4749661705006766,0.9380752295532307,0.5184781354729346,0.06305818673883627,0.7566982408660352,0.5631067961165048,0.4265402843601896,0.45652173913043476,1.3637936115264893,3.7290351390838623,4.424285888671875,2.4583702087402344,3.754715919494629,3.7279646396636963,3.443267345428467,2.2458503246307373,2.832620859146118,4.099828720092773,0.7995139956474304,5.95619535446167,nan,0.9649923896499238,0.5714285714285714,0.9362483311081442,0.0,0.11904761904761904,"[[634, 0, 23], [5, 24, 13], [165, 26, 2805]]","[[360, 273, 211], [427, 873, 624], [229, 176, 522]]",nan,nan,nan,nan,nan,nan,nan,nan,nan,nan,nan,nan,nan,nan,nan,nan,nan
12,0.0009755282581475765,fixed,0.4114160948811112,0.8228321897622224,0.16035326657764593,0.24985732205319847,0.0012055084832237808,0.13428107110837662,0.17576199514934823,0.0012055084832237808,0.13428107110837662,0.8788099624304454,0.0016097659467976934,0.3704766332345906,0.07409532782700283,0.13036097348527198,0.026072195189382124,0.0,0.9850933890865362,0.6724082939034386,0.31147315983681945,0.0012119207695676002,0.24956192228242413,0.2055802141942578,0.0012119207695676002,0.24956192228242413,1.0279010525253047,0.0018116423013306278,0.5294647085973149,0.10589294306157568,2.114231846107922,0.4228463712860709,0.0,4.543308665067804,0.9369418132611638,0.4403247631935047,0.9366679195005223,0.5440419830823552,0.06441136671177267,0.7085250338294993,0.5436893203883495,0.6777251184834123,0.37577639751552794,1.947268009185791,4.441534042358398,6.0741095542907715,4.318156719207764,4.299429416656494,4.473382949829102,4.539298057556152,2.532057762145996,2.644753932952881,3.9214701652526855,0.7735938429832458,6.529977321624756,nan,0.9573820395738204,0.5714285714285714,0.9375834445927904,0.0,0.047619047619047616,"[[629, 0, 28], [2, 24, 16], [143, 44, 2809]]","[[572, 84, 188], [810, 551, 563], [337, 86, 504]]",nan,nan,nan,nan,nan,nan,nan,nan,nan,nan,nan,nan,nan,nan,nan,nan,nan
13,0.000971320745546089,fixed,0.41047685381916,0.82095370763832,0.1650695856783436,0.24419442620458573,0.0012128440173385308,0.14138826020943202,0.17302629841229353,0.0012128440173385308,0.14138826020943202,0.8651314790066116,0.0016073465676315279,0.35584064024612166,0.07116812938279217,0.11840662996932179,0.023681326491167103,0.0,0.9567113730194443,0.6305355931893092,0.3247783586040079,0.001397411063873034,0.26876165654727024,0.21447884809825676,0.001397411063873034,0.26876165654727024,1.0723942272072715,0.0020788792677032125,0.5514975492944576,0.11029951176196538,1.8088696604391978,0.3617739423086702,0.0,5.219084908212277,0.9174560216508796,0.44925575101488496,0.9334833563410976,0.533496113407799,0.0749661705006766,0.7155615696887686,0.6526429341963322,0.35308056872037913,0.40683229813664595,1.9106210470199585,5.2907490730285645,6.5542449951171875,2.632814645767212,5.166372776031494,5.580861568450928,3.2674288749694824,4.718966960906982,3.0534772872924805,4.521887302398682,1.8390573263168335,6.763977527618408,nan,0.7747336377473364,0.5714285714285714,0.9536048064085447,0.0,0.023809523809523808,"[[509, 0, 148], [1, 24, 17], [120, 19, 2857]]","[[298, 233, 313], [334, 757, 833], [116, 206, 605]]",nan,nan,nan,nan,nan,nan,nan,nan,nan,nan,nan,nan,nan,nan,nan,nan,nan
14,0.0009667902132486006,fixed,0.3951898998365016,0.7903797996730032,0.15274836578255332,0.24137569760459832,0.0010658346543114925,0.12547424108455313,0.17132004409247745,0.0010658346543114925,0.12547424108455313,0.856600208199964,0.0014207153068908933,0.3502782585292151,0.07005565292748762,0.13637062349911042,0.027274125197475185,0.0,0.8997989754070287,0.5822730908697126,0.3169455113688406,0.0005803763488035382,0.23666763089506487,0.20831086401284468,0.0005803763488035382,0.23666763089506487,1.041554307227851,0.0008170136418010843,0.5431732145149427,0.10863464499882981,1.7280272188798271,0.3456054516223646,0.0,3.574556115754583,0.9293640054127199,0.4479025710419486,0.9447239892410857,0.5502332163787154,0.018944519621109608,0.6876860622462787,0.6127292340884574,0.5959715639810427,0.38354037267080743,1.1483510732650757,3.266860008239746,4.044896602630615,2.443031072616577,3.3429012298583984,3.0670509338378906,3.2048957347869873,2.602736234664917,2.682758331298828,3.5710692405700684,0.2101098895072937,4.382233619689941,nan,0.939117199391172,0.5714285714285714,0.9322429906542056,0.0,0.0,"[[617, 0, 40], [0, 24, 18], [162, 41, 2793]]","[[503, 95, 246], [683, 584, 657], [250, 109, 568]]",nan,nan,nan,nan,nan,nan,nan,nan,nan,nan,nan,nan,nan,nan,nan,nan,nan
15,0.0009619397662556431,fixed,0.3781672085331835,0.756334417066367,0.1402203390190307,0.23706998715232508,0.000876877905826829,0.11518461189470372,0.16797385649604932,0.000876877905826829,0.11518461189470372,0.8398692649096959,0.001195198666859543,0.34548064104960713,0.06909612967542615,0.12517863403511562,0.02503572716659392,0.0,0.992488059155512,0.684868937811445,0.30697728023638743,0.0006418298200325454,0.2540554899082132,0.20118798219947917,0.0006418298200325454,0.2540554899082132,1.0059398987457782,0.0008917781658103899,0.5289465015408796,0.10578930216648581,2.1540671869073695,0.43081344760376633,0.0,3.7246426057302586,0.9388362652232747,0.46820027063599456,0.9488121695058916,0.5477615091985393,0.061163734776725306,0.6671177266576455,0.6116504854368932,0.6255924170616114,0.3944099378881988,1.2084360122680664,3.439016103744507,3.5923497676849365,2.6130053997039795,3.534602642059326,3.1746985912323,2.563469648361206,2.5163955688476562,3.6822497844696045,3.769515037536621,-0.12356686592102051,5.1139678955078125,nan,0.943683409436834,0.5714285714285714,0.9429238985313751,0.0,0.0,"[[620, 0, 37], [0, 24, 18], [147, 24, 2825]]","[[528, 132, 184], [651, 635, 638], [237, 123, 567]]",nan,nan,nan,nan,nan,nan,nan,nan,nan,nan,nan,nan,nan,nan,nan,nan,nan
16,0.0009567727288213001,fixed,0.3845303841518962,0.7690607683037924,0.14951100768414938,0.23390960566876653,0.0011097729338516527,0.12708659592687532,0.16589869431336798,0.0011097729338516527,0.12708659592687532,0.8294934550808132,0.0014112665019269048,0.34005455562305203,0.06801091233624817,0.11212205176917807,0.022424410469795222,0.0,0.9694362601182135,0.6535156977031485,0.3149971801147409,0.000923385023261031,0.23137926550453505,0.20552022889437954,0.000923385023261031,0.23137926550453505,1.0276011310507707,0.0013538142537990528,0.5473847532788536,0.1094769538356261,2.1106820848595276,0.4221364239857412,0.0,4.325326335425317,0.9488497970230041,0.4760487144790257,0.9520675507294966,0.5476425324775871,0.05602165087956698,0.6949932341001354,0.6893203883495146,0.5284360189573459,0.4503105590062112,1.6034538745880127,4.115196228027344,5.81138801574707,2.8494162559509277,4.115196228027344,4.065983295440674,3.471764087677002,3.3136496543884277,3.331298351287842,4.615196704864502,1.6857867240905762,6.018087863922119,nan,0.9680365296803652,0.5714285714285714,0.9499332443257676,0.0,0.0,"[[636, 0, 21], [0, 24, 18], [144, 6, 2846]]","[[446, 160, 238], [494, 674, 756], [167, 121, 639]]",nan,nan,nan,nan,nan,nan,nan,nan,nan,nan,nan,nan,nan,nan,nan,nan,nan
17,0.0009512926421749302,fixed,0.36838041265680554,0.7367608253136111,0.13905155582521267,0.22820527091152662,0.001123587246791685,0.11530721484979208,0.16282766729176776,0.001123587246791685,0.11530721484979208,0.8141383217578142,0.0014520721063647217,0.32688800879785174,0.06537760305045139,0.11872170337517202,0.023744340998213403,0.0,1.0141526513235173,0.6835538674433274,0.3294987428494816,0.001100027886047929,0.2504977879246775,0.21360962725621277,0.001100027886047929,0.2504977879246775,1.0680481229970515,0.0016137706616159947,0.5794455525678291,0.11588911256464311,2.165280402009157,0.433056080598682,0.0,4.746198368241318,0.9420838971583221,0.45331529093369416,0.9518187374289337,0.5632307264180606,0.05602165087956698,0.6541271989174561,0.5943905070118662,0.5888625592417062,0.4332298136645963,1.767319917678833,4.531536102294922,5.1303863525390625,2.461442470550537,4.564802646636963,3.9988839626312256,3.0673210620880127,4.308887004852295,3.7711589336395264,5.589054584503174,2.6378390789031982,5.897098541259766,nan,0.8280060882800608,0.5714285714285714,0.9722963951935915,0.0,0.0,"[[544, 0, 113], [0, 24, 18], [71, 12, 2913]]","[[497, 176, 171], [680, 627, 617], [233, 143, 551]]",nan,nan,nan,nan,nan,nan,nan,nan,nan,nan,nan,nan,nan,nan,nan,nan,nan
18,0.0009455032620941837,fixed,0.3527470949654773,0.7054941899309546,0.129753562105936,0.2222194787619933,0.0007740542110897138,0.11046478029398428,0.15983504179717048,0.0007740542110897138,0.11046478029398428,0.799175194877124,0.0010495527323284247,0.3119221781619095,0.06238443697248572,0.09644390307291091,0.01928878114857585,0.0,0.916580664934099,0.6134901942435718,0.3024844682587661,0.0006060093539201117,0.24016159533325165,0.1962708978514226,0.0006060093539201117,0.24016159533325165,0.9813544718435233,0.0008878153667051763,0.5310678573358043,0.10621357405500258,1.8666429689335087,0.3733286003940768,0.0,3.8135759110284684,0.9442489851150203,0.4939106901217862,0.9579617684908454,0.5854031691455386,0.05466847090663058,0.5810554803788904,0.686084142394822,0.5390995260663507,0.453416149068323,1.1903314590454102,3.644990921020508,3.15510630607605,2.0695860385894775,3.855113983154297,2.7750020027160645,2.65409255027771,2.7755815982818604,3.3292200565338135,4.829220294952393,1.0511677265167236,4.829220294952393,nan,0.8295281582952816,0.5714285714285714,0.9746328437917223,0.0,0.0,"[[545, 0, 112], [0, 24, 18], [64, 12, 2920]]","[[455, 201, 188], [493, 734, 697], [194, 97, 636]]",nan,nan,nan,nan,nan,nan,nan,nan,nan,nan,nan,nan,nan,nan,nan,nan,nan
19,0.0009394085563309825,fixed,0.3407898026550809,0.6815796053101618,0.12263675572386569,0.21747134798822518,0.0006816985650998092,0.10431438487662516,0.1564028886932233,0.0006816985650998092,0.10431438487662516,0.7820144299190327,0.0009390238847452418,0.30534228562796656,0.06106845808336411,0.0916118512460985,0.01832237044230216,0.0,0.9820705682886147,0.662926501059887,0.31861855198146527,0.0005255147658480036,0.2696620764041947,0.2071477542146133,0.0005255147658480036,0.2696620764041947,1.0357387608862374,0.0007979946795577519,0.5573539763084122,0.11147079795639311,1.966322082105624,0.39326442722254795,0.0,3.568266487656511,0.9399188092016239,0.5012178619756428,0.9482548827586617,0.5872785721262828,0.06062246278755074,0.5761840324763193,0.7508090614886731,0.5225118483412322,0.4751552795031056,1.1177586317062378,3.4306459426879883,3.4954535961151123,2.4408364295959473,3.467923879623413,2.6955947875976562,2.4062838554382324,2.767338275909424,2.697108030319214,3.9848568439483643,1.2093887329101562,4.565858840942383,nan,0.908675799086758,0.5952380952380952,0.9516021361815754,0.0,0.0,"[[597, 0, 60], [0, 25, 17], [136, 9, 2851]]","[[441, 178, 225], [443, 715, 766], [140, 91, 696]]",nan,nan,nan,nan,nan,nan,nan,nan,nan,nan,nan,nan,nan,nan,nan,nan,nan
20,0.0009330127018922192,fixed,0.3327777909005761,0.6655555818011522,0.11507225794593373,0.21707881860251552,0.0006267150313840744,0.098923247113713,0.15638742662848604,0.0006267150313840744,0.098923247113713,0.7819371189336334,0.0008770653854905017,0.30345695350814755,0.06069139174324133,0.08074505519659435,0.016149011282528415,0.0,0.8939863968121344,0.570160906692319,0.32299494675596285,0.0008305299405357643,0.2450742211812888,0.20895950674042812,0.0008305299405357643,0.2450742211812888,1.044797502867424,0.0012366711391710722,0.5701771836964784,0.11403543743454878,1.6254333745835605,0.3250866874100958,0.0,4.029044550483789,0.945872801082544,0.48254397834912044,0.9591780372894344,0.5981008537388051,0.05737483085250338,0.5477672530446549,0.6774541531823085,0.5355450236966824,0.4813664596273292,1.475925326347351,4.157472610473633,3.205004930496216,2.764021873474121,4.321962833404541,3.4665942192077637,3.0329389572143555,4.539900779724121,3.883084297180176,4.430164813995361,1.1999846696853638,4.966019153594971,nan,0.9817351598173516,0.6428571428571429,0.942256341789052,0.0,0.0,"[[645, 0, 12], [0, 27, 15], [159, 14, 2823]]","[[452, 176, 216], [543, 703, 678], [168, 131, 628]]",nan,nan,nan,nan,nan,nan,nan,nan,nan,nan,nan,nan,nan,nan,nan,nan,nan
21,0.0009263200821770459,fixed,0.33793023655603394,0.6758604731120679,0.1278091318397349,0.20945298528922246,0.0006681215786963909,0.10459808359188887,0.15252777653793018,0.0006681215786963909,0.10459808359188887,0.7626388631727267,0.0009058708181081638,0.28462603514788337,0.05692520754731742,0.11605524135980834,0.023211048836077476,0.0,0.9707013268109426,0.6628492859122879,0.3069052884156068,0.0009467505513254367,0.2622152703218112,0.19918313434949908,0.0009467505513254367,0.2622152703218112,0.9959156608387969,0.001394650996227891,0.5386107334748657,0.10772214912795569,2.0031700524815066,0.40063401689558464,0.0,4.349999378110872,0.9456021650879567,0.4828146143437077,0.9521953111304593,0.5999875479974246,0.056833558863328824,0.5442489851150203,0.593311758360302,0.6729857819905213,0.4440993788819876,1.4710253477096558,4.8523993492126465,3.669229745864868,2.3608622550964355,5.17523193359375,3.2508742809295654,2.4579155445098877,5.989753246307373,3.178318977355957,4.678319931030273,1.6590815782546997,5.888918876647949,nan,0.9634703196347032,0.5714285714285714,0.9469292389853138,0.0,0.0,"[[633, 0, 24], [0, 24, 18], [134, 25, 2837]]","[[568, 97, 179], [719, 666, 539], [275, 102, 550]]",nan,nan,nan,nan,nan,nan,nan,nan,nan,nan,nan,nan,nan,nan,nan,nan,nan
22,0.0009193352839727118,fixed,0.3242769363632695,0.648553872726539,0.11871667079759586,0.2047996235945688,0.000760640352858614,0.09956878052536579,0.1494393793763378,0.000760640352858614,0.09956878052536579,0.7471968826728923,0.0010191836219123306,0.2768012157830275,0.05536024424707949,0.09573944542172591,0.01914788936323014,0.0,1.0296912633033826,0.7100889639699572,0.3189432551718855,0.0006590466820023681,0.29107434683465505,0.2024868077531719,0.0006590466820023681,0.29107434683465505,1.0124340203198754,0.000923571532437167,0.5822822412231455,0.11645645154829115,2.0950730946272658,0.419014624390792,0.0,4.074555516368448,0.9288227334235454,0.5166441136671177,0.9471408792242889,0.5989370722881054,0.0652232746955345,0.5848443843031124,0.6882416396979504,0.6552132701421801,0.47360248447204967,1.2446351051330566,3.7279481887817383,3.415452718734741,2.2571258544921875,3.8621485233306885,3.06545090675354,2.8138058185577393,2.2336747646331787,4.0803542137146,5.5803542137146,0.6757087111473083,5.580389976501465,nan,0.7823439878234398,0.5714285714285714,0.9659546061415221,0.0,0.0,"[[514, 0, 143], [0, 24, 18], [87, 15, 2894]]","[[553, 163, 128], [624, 718, 582], [174, 115, 638]]",nan,nan,nan,nan,nan,nan,nan,nan,nan,nan,nan,nan,nan,nan,nan,nan,nan
23,0.0009120630943110076,fixed,0.31601974973733976,0.6320394994746795,0.11428770412928656,0.20098579479465395,0.0007462495715677458,0.09452042030438197,0.145932887132425,0.0007462495715677458,0.09452042030438197,0.7296644159450643,0.0010197863305295531,0.2752645249560839,0.055052906227465934,0.0988364150803734,0.01976728337769617,0.0,1.0612985583055004,0.728737518106649,0.3315103574921862,0.001050681881266312,0.2868613841246526,0.2121362333570346,0.001050681881266312,0.2868613841246526,1.0606811458267604,0.0015526793120209637,0.5968706191957239,0.11937412594184178,2.2093806392290176,0.4418761343498889,0.0,4.684510533288518,0.9456021650879567,0.49607577807848446,0.9579532200489751,0.6132946386691521,0.05412719891745602,0.5258457374830853,0.6645091693635383,0.6990521327014217,0.4767080745341615,1.5437873601913452,5.209733009338379,3.2310376167297363,2.6246285438537598,5.5381269454956055,3.302232503890991,2.5501656532287598,6.1898274421691895,4.285472869873047,5.908743381500244,2.196031093597412,7.007603645324707,nan,0.9528158295281582,0.5714285714285714,0.9492656875834445,0.0,0.0,"[[626, 0, 31], [0, 24, 18], [138, 14, 2844]]","[[590, 105, 149], [703, 627, 594], [225, 86, 616]]",nan,nan,nan,nan,nan,nan,nan,nan,nan,nan,nan,nan,nan,nan,nan,nan,nan
24,0.0009045084971874735,fixed,0.3021476894582823,0.6042953789165646,0.10538412045383852,0.19616913458754892,0.0005944333459429298,0.08604068451237784,0.14451912276717724,0.0005944333459429298,0.08604068451237784,0.7225956010424699,0.0008118465358390954,0.25825005007046914,0.051650011095327276,0.09671717978752094,0.019343436212073736,0.0,0.9470970297053315,0.6236905679167204,0.32303498734963276,0.00037147410413853986,0.26598945759307385,0.20762446904617976,0.00037147410413853986,0.26598945759307385,1.0381223284020638,0.000574605732920538,0.5770525897630012,0.11541051900919139,1.788505513244208,0.35770110657345294,0.0,2.977435589995771,0.9453315290933694,0.5420838971583221,0.9614826231062672,0.6108715976177618,0.0530446549391069,0.5299052774018944,0.674217907227616,0.5296208530805687,0.5232919254658385,0.9940279126167297,2.6772801876068115,2.8865787982940674,2.1387455463409424,2.713421583175659,2.6266698837280273,2.270477771759033,1.98147714138031,2.2394440174102783,3.1309564113616943,0.564279317855835,3.249711275100708,nan,0.9619482496194824,0.5714285714285714,0.9469292389853138,0.0,0.0,"[[632, 0, 25], [0, 24, 18], [148, 11, 2837]]","[[447, 229, 168], [437, 931, 556], [118, 184, 625]]",nan,nan,nan,nan,nan,nan,nan,nan,nan,nan,nan,nan,nan,nan,nan,nan,nan
25,0.0008966766701456174,fixed,0.3093118856127606,0.6186237712255211,0.11409006799815809,0.19450542918710745,0.0007163873008639195,0.09534710860687272,0.14194078904829194,0.0007163873008639195,0.09534710860687272,0.7097039310633144,0.0009682980697449959,0.26282319340892524,0.05256463944645108,0.09371480125493901,0.018742960551914184,0.0,1.0512738452873953,0.7390910062157575,0.3117557361984124,0.00042712106060675256,0.28722900034448934,0.19750983034725603,0.00042712106060675256,0.28722900034448934,0.9875491359398394,0.0006576235941390688,0.571229512152717,0.11424590452638467,2.259310000398132,0.4518620017315142,0.0,3.1673185352560402,0.9450608930987822,0.5377537212449256,0.9582291863093377,0.6245070754988247,0.05493910690121786,0.49688768606224626,0.6245954692556634,0.6398104265402843,0.5093167701863354,1.0436124801635742,2.939542293548584,3.2697360515594482,2.7377216815948486,2.9239377975463867,2.3053038120269775,2.774268865585327,2.123288154602051,2.2283437252044678,3.1022863388061523,0.25877752900123596,3.558049201965332,nan,0.969558599695586,0.40476190476190477,0.9472630173564753,0.0,0.0,"[[637, 0, 20], [0, 17, 25], [143, 15, 2838]]","[[540, 159, 145], [570, 868, 486], [194, 154, 579]]",nan,nan,nan,nan,nan,nan,nan,nan,nan,nan,nan,nan,nan,nan,nan,nan,nan
26,0.0008885729807284853,fixed,0.29653164510523833,0.5930632902104767,0.10923631957299018,0.18678532668633183,0.0005099987305099271,0.09797592425048514,0.1384496665114867,0.0005099987305099271,0.09797592425048514,0.6922483164022634,0.0007242803683376165,0.24167829175809383,0.04833565899205587,0.05630197226292789,0.01126039457439216,0.0,1.0721773447461316,0.7298159743678102,0.34196093935766464,0.0004004181826223162,0.28687291343738003,0.21718816307546,0.0004004181826223162,0.28687291343738003,1.0859408065333902,0.0005885061049891865,0.6238638899807033,0.12477277931083039,2.2147152916369492,0.44294305667555256,0.0,3.488259663010926,0.9347767253044655,0.5312584573748309,0.9516480287173072,0.6384849425314307,0.0571041948579161,0.4787550744248985,0.5469255663430421,0.533175355450237,0.5139751552795031,0.979308545589447,2.9616522789001465,2.5868008136749268,2.331528902053833,2.970527410507202,2.283417224884033,2.735198974609375,1.6793878078460693,2.9616522789001465,4.4616522789001465,0.7537439465522766,4.461674213409424,nan,0.832572298325723,0.47619047619047616,0.9636181575433912,0.0,0.0,"[[547, 0, 110], [0, 20, 22], [84, 25, 2887]]","[[450, 225, 169], [443, 1006, 475], [137, 283, 507]]",nan,nan,nan,nan,nan,nan,nan,nan,nan,nan,nan,nan,nan,nan,nan,nan,nan
27,0.0008802029828000154,fixed,0.29325591180723964,0.5865118236144793,0.10522271214182966,0.18746654151377268,0.0005666581010907557,0.08759661194328547,0.13647522091310205,0.0005666581010907557,0.08759661194328547,0.6823760907182215,0.0007569947648991567,0.2549565926485381,0.05099131939669574,0.08813049699562006,0.017626099807866766,0.0,1.0844807428984584,0.7615328540498736,0.32251078359006385,0.00043709901442211903,0.29348325982629364,0.2008121833225387,0.00043709901442211903,0.29348325982629364,1.0040608975819547,0.0006377215746567107,0.6084929861622347,0.12169859945895062,2.340247996012453,0.4680495980151867,0.0,3.6701340721915976,0.9339648173207037,0.5307171853856563,0.9510306790494139,0.6397786860099818,0.056833558863328824,0.4614343707713126,0.7421790722761596,0.6042654028436019,0.4968944099378882,1.0274006128311157,3.2398457527160645,2.8100461959838867,2.3548009395599365,3.2536368370056152,2.8046460151672363,2.2611122131347656,1.6515716314315796,3.2536368370056152,4.753636837005615,0.9200102090835571,4.753664016723633,nan,0.8051750380517504,0.42857142857142855,0.9692923898531375,0.0,0.0,"[[529, 0, 128], [0, 18, 24], [78, 14, 2904]]","[[510, 162, 172], [453, 763, 708], [130, 109, 688]]",nan,nan,nan,nan,nan,nan,nan,nan,nan,nan,nan,nan,nan,nan,nan,nan,nan
28,0.000871572412738697,fixed,0.2795054327501158,0.5590108655002316,0.09546531892114365,0.18352965525825268,0.0005104594121950554,0.08095536286437192,0.13529144226242606,0.0005104594121950554,0.08095536286437192,0.6764571957186047,0.0006991276746925156,0.24119105818620848,0.04823821259961023,0.07254977788113218,0.014509955766580346,0.0,1.04924357847206,0.7361090741234961,0.31260361652090357,0.0005308810238542441,0.27054249551525295,0.2002048773113865,0.0005308810238542441,0.27054249551525295,1.0010243731358055,0.0007109565892873057,0.5619936846912472,0.1123987392095171,2.3278328696971524,0.4655665822018131,0.0,3.326479928096404,0.9434370771312585,0.5428958051420839,0.9710354604751847,0.6378393853946264,0.008930987821380243,0.4736129905277402,0.651564185544768,0.6611374407582938,0.5186335403726708,1.087122917175293,3.1946630477905273,3.081386089324951,2.8000597953796387,3.235943555831909,2.2193737030029297,3.29301118850708,2.3877129554748535,2.6101229190826416,3.4024932384490967,-0.18374742567539215,4.75687313079834,nan,0.9452054794520548,0.42857142857142855,0.9502670226969292,0.0,0.0,"[[621, 0, 36], [0, 18, 24], [130, 19, 2847]]","[[558, 182, 104], [559, 844, 521], [163, 160, 604]]",nan,nan,nan,nan,nan,nan,nan,nan,nan,nan,nan,nan,nan,nan,nan,nan,nan
29,0.0008626871855061437,fixed,0.28289934907326486,0.5657986981465297,0.10463648122909483,0.17756154468649638,0.0007013218090300968,0.08781349192724426,0.1316065658964575,0.0007013218090300968,0.08781349192724426,0.6580328143503382,0.0008925148705834729,0.22977489061909193,0.04595497885156734,0.08411494308260288,0.0168229888862889,0.0,1.0690057349301805,0.7487081417050188,0.319849540182315,0.00044806409443360636,0.28112333762952213,0.2054395452524877,0.00044806409443360636,0.28112333762952213,1.0271976958753615,0.0006581841224296641,0.5720499677329005,0.11440999515364715,2.337923923994042,0.46758479367755146,0.0,3.5301019129086404,0.93234100135318,0.5585926928281462,0.954165994136484,0.6509409339096207,0.0543978349120433,0.4506089309878214,0.7152103559870551,0.5438388625592417,0.5419254658385093,1.0541181564331055,3.127023935317993,3.02428936958313,1.7042659521102905,3.1437482833862305,2.354386329650879,2.3693740367889404,2.209381580352783,3.127023935317993,4.627023696899414,0.9149547219276428,4.627250671386719,nan,0.8295281582952816,0.40476190476190477,0.962283044058745,0.0,0.0,"[[545, 0, 112], [0, 17, 25], [102, 11, 2883]]","[[459, 201, 184], [389, 942, 593], [103, 161, 663]]",nan,nan,nan,nan,nan,nan,nan,nan,nan,nan,nan,nan,nan,nan,nan,nan,nan
30,0.0008535533905932737,fixed,0.2733524067211197,0.5467048134422394,0.0974465400139212,0.17539573411188872,0.0005101333519601241,0.07691845340996041,0.13013445628788128,0.0005101333519601241,0.07691845340996041,0.6506722699500334,0.0007149267193729572,0.22630638836231268,0.04526127834328074,0.10264043016778975,0.02052808647267933,0.0,1.175479663466891,0.8384636218396189,0.3362732678127547,0.0007427586697033166,0.3140567365454079,0.21224325392420462,0.0007427586697033166,0.3140567365454079,1.0612162566475358,0.0010921936131527343,0.6201500711970143,0.12403001727811054,2.6220343901526504,0.5244068815408223,0.0,4.042942128827357,0.9401894451962111,0.5705006765899865,0.9556486359228958,0.6493259876938717,0.05412719891745602,0.44682002706359947,0.6202804746494067,0.5556872037914692,0.5652173913043478,1.4993866682052612,3.810307502746582,2.890798330307007,2.7932424545288086,3.9355390071868896,4.543875694274902,3.3342957496643066,2.85016131401062,3.6244239807128906,4.042250156402588,-0.5825731754302979,4.17997407913208,nan,0.832572298325723,0.42857142857142855,0.9709612817089452,0.0,0.0,"[[547, 0, 110], [0, 18, 24], [74, 13, 2909]]","[[469, 252, 123], [378, 1064, 482], [104, 248, 575]]",nan,nan,nan,nan,nan,nan,nan,nan,nan,nan,nan,nan,nan,nan,nan,nan,nan
31,0.0008441772878468768,fixed,0.2701310449250489,0.5402620898500978,0.09753705467245592,0.17140431152843175,0.001189677818799517,0.08394944060825307,0.1278259957648606,0.001189677818799517,0.08394944060825307,0.6391299644654037,0.0015326917006359946,0.2178915745829835,0.043578315471254535,0.06793806702702142,0.013587613592581914,0.0,0.8711313914058979,0.5345180037299093,0.33587350066201777,0.0007399185773625425,0.23505519982603792,0.20792199534153583,0.0007399185773625425,0.23505519982603792,1.0396099638713068,0.001060267551411422,0.6397575211299127,0.12795150612905642,1.497313959078236,0.2994627986435682,0.0,3.750062874813799,0.9434370771312585,0.5261163734776725,0.9604812557763106,0.6673209907050611,0.05250338294993234,0.40622462787550745,0.7119741100323624,0.6943127962085308,0.48757763975155277,1.3576704263687134,4.382965564727783,2.5085091590881348,2.641456127166748,4.38317346572876,2.9126949310302734,3.0956428050994873,2.987031936645508,4.857702255249023,4.88317346572876,0.8788233995437622,4.883174419403076,nan,0.954337899543379,0.6904761904761905,0.9445927903871829,0.0,0.0,"[[627, 0, 30], [0, 29, 13], [151, 15, 2830]]","[[586, 104, 154], [624, 698, 602], [170, 97, 660]]",nan,nan,nan,nan,nan,nan,nan,nan,nan,nan,nan,nan,nan,nan,nan,nan,nan
32,0.0008345653031794289,fixed,0.2725166113502541,0.5450332227005082,0.09920643997088528,0.17217909879935142,0.0011310735248521741,0.07898652775601789,0.12686229883448905,0.0011310735248521741,0.07898652775601789,0.6343114851563817,0.001450241849248318,0.22658399433137372,0.045316799510948975,0.10109955896657226,0.020219912345650733,0.0,1.3056458379483513,0.9816141790885564,0.3234707853387593,0.0005608746456328895,0.333623366717234,0.2026480909935999,0.0005608746456328895,0.333623366717234,1.0132404477412387,0.0008181559316863096,0.6041134615389678,0.12082269463753668,3.239954000088376,0.6479908155032885,0.0,3.812958469679944,0.9407307171853857,0.5382949932341001,0.951380197417251,0.664189978992797,0.05602165087956698,0.4162381596752368,0.6418554476806904,0.6552132701421801,0.5248447204968945,1.1515066623687744,3.3287620544433594,2.635300397872925,2.1835787296295166,3.668003797531128,2.5723977088928223,2.6504743099212646,2.6890318393707275,3.3065602779388428,4.385598659515381,1.7616546154022217,4.65983772277832,nan,0.9619482496194824,0.38095238095238093,0.9439252336448598,0.0,0.0,"[[632, 0, 25], [0, 16, 26], [142, 26, 2828]]","[[553, 202, 89], [588, 841, 495], [198, 134, 595]]",nan,nan,nan,nan,nan,nan,nan,nan,nan,nan,nan,nan,nan,nan,nan,nan,nan
33,0.0008247240241650917,fixed,0.2613311290625573,0.5226622581251146,0.09344632448458948,0.16741867417002973,0.00046613037958080546,0.08171483643532838,0.12486011777527284,0.00046613037958080546,0.08171483643532838,0.6243005793333645,0.0006541145052872543,0.2127927762387892,0.04255855613128879,0.058657439624881,0.01173148807783317,0.0,1.2024098400011436,0.8732796498499962,0.32878657337454564,0.0003436146014390818,0.32278744653371416,0.20383424611714276,0.0003436146014390818,0.32278744653371416,1.0191712229113135,0.0005166169396962048,0.6247616297821231,0.12495232858217456,2.7524609542368377,0.5504921997517692,0.0,3.143647638953008,0.9396481732070365,0.5726657645466847,0.9597857684186378,0.6701860990872718,0.05493910690121786,0.40216508795669825,0.6267529665587918,0.6374407582938388,0.5683229813664596,0.9057999849319458,2.7551591396331787,3.0232386589050293,2.481247901916504,2.7764360904693604,2.4021875858306885,2.563993215560913,1.694410800933838,2.1187164783477783,3.484123706817627,0.5365316867828369,3.4844019412994385,nan,0.9665144596651446,0.40476190476190477,0.9412550066755674,0.0,0.0,"[[635, 0, 22], [0, 17, 25], [160, 16, 2820]]","[[538, 191, 115], [405, 997, 522], [125, 221, 581]]",nan,nan,nan,nan,nan,nan,nan,nan,nan,nan,nan,nan,nan,nan,nan,nan,nan
34,0.0008146601955249186,fixed,0.2531519182622739,0.5063038365245478,0.08853163603747112,0.16415680983324177,0.00046347194083463326,0.07317283693213084,0.12217013723686246,0.00046347194083463326,0.07317283693213084,0.6108506764912102,0.0006525248621232477,0.20993335914324052,0.04198667279448748,0.07679399647683897,0.01535879946818532,0.0,1.1924194317870598,0.8732451919451134,0.31871552666566044,0.00045870338537930657,0.305036897023734,0.19816008487234904,0.00045870338537930657,0.305036897023734,0.9908004165502298,0.0006632644199660358,0.6027772241419481,0.1205554467314635,2.8410414524981626,0.5682083097022438,0.0,3.281087028710167,0.9437077131258458,0.5566982408660351,0.9598052261215809,0.678532311574418,0.05277401894451962,0.38457374830852503,0.7411003236245954,0.6528436018957346,0.5527950310559007,1.0637891292572021,3.0889391899108887,2.3686001300811768,2.3590028285980225,3.136261463165283,3.0898244380950928,2.666166067123413,1.9790276288986206,2.535437822341919,3.6363019943237305,0.4113108515739441,3.639516830444336,nan,0.9680365296803652,0.40476190476190477,0.9459279038718291,0.0,0.0,"[[636, 0, 21], [0, 17, 25], [152, 10, 2834]]","[[551, 183, 110], [481, 819, 624], [147, 93, 687]]",nan,nan,nan,nan,nan,nan,nan,nan,nan,nan,nan,nan,nan,nan,nan,nan,nan
35,0.0008043807145043601,fixed,0.25376280721767647,0.5075256144353529,0.09336526350374194,0.15998592597904998,0.0004116189746031527,0.07708761303214169,0.12020721771866506,0.0004116189746031527,0.07708761303214169,0.6010360790002915,0.0005713345443673143,0.19889353739385185,0.039778708278640613,0.08138825363844798,0.016277650821613202,0.0,1.190595485651122,0.8542892703022783,0.3359351406400678,0.00037105809382058385,0.3332257735874398,0.2068699267341255,0.00037105809382058385,0.3332257735874398,1.0343496178741869,0.0005549577183117876,0.6453260564191093,0.12906521464595935,2.605317357414018,0.5210634892496663,0.0,3.251045877908303,0.9380243572395128,0.5764546684709067,0.9572535975636647,0.6895952766517874,0.0530446549391069,0.37699594046008117,0.7022653721682848,0.6492890995260664,0.5527950310559007,0.9198030829429626,3.065394163131714,2.3189685344696045,1.914054036140442,3.2139058113098145,2.580267906188965,2.1478219032287598,1.8414580821990967,2.7744791507720947,4.274478912353516,0.44648388028144836,4.274560451507568,nan,0.9786910197869102,0.40476190476190477,0.9365821094793058,0.0,0.023809523809523808,"[[643, 0, 14], [1, 17, 24], [166, 24, 2806]]","[[548, 158, 138], [468, 931, 525], [130, 146, 651]]",nan,nan,nan,nan,nan,nan,nan,nan,nan,nan,nan,nan,nan,nan,nan,nan,nan
36,0.0007938926261462363,fixed,0.2561554094917711,0.5123108189835422,0.09890584913174545,0.15561836083550962,0.001631197541703385,0.08403023595487447,0.11743606658856055,0.001631197541703385,0.08403023595487447,0.5871803265307688,0.002041030817858873,0.19091147235397765,0.038182295260478644,0.07437806339648394,0.01487561297157412,0.0,1.2410825018953728,0.9120080862622784,0.3285027189732243,0.0005716944861960507,0.311623741833541,0.2057106014759518,0.0005716944861960507,0.311623741833541,1.02855299719293,0.0007841313077755655,0.6139605690403784,0.12279211620677953,3.0019216974338603,0.6003843512625211,0.0,3.795254648250412,0.9456021650879567,0.5510148849797023,0.9574824086204795,0.6810460975078881,0.05331529093369418,0.38403247631935045,0.6850053937432579,0.6433649289099526,0.5434782608695652,1.180127501487732,3.3386693000793457,3.7185423374176025,2.8108737468719482,3.371821165084839,4.355585098266602,2.815117835998535,2.8454537391662598,3.675874948501587,3.867795467376709,-0.4718666970729828,3.6612393856048584,nan,0.9512937595129376,0.40476190476190477,0.951935914552737,0.0,0.0,"[[625, 0, 32], [0, 17, 25], [128, 16, 2852]]","[[543, 204, 97], [546, 858, 520], [167, 125, 635]]",nan,nan,nan,nan,nan,nan,nan,nan,nan,nan,nan,nan,nan,nan,nan,nan,nan
37,0.0007832031184624162,fixed,0.2603426193084278,0.5206852386168556,0.10437033674726182,0.1554737855108444,0.0004984964680706473,0.08670615521906162,0.11712156475298893,0.0004984964680706473,0.08670615521906162,0.5856078150297035,0.0007067820834668638,0.19176109936959412,0.03835222051839022,0.08832090366321281,0.017664181125592662,0.0,1.0115046896050521,0.6912845718683184,0.3186259347789181,0.0015941677644032183,0.2767396928170376,0.19980921508575486,0.0015941677644032183,0.2767396928170376,0.9990460676172589,0.002397696106758911,0.5940835773702887,0.11881671762837448,2.0727243322451536,0.4145448749405006,0.0,4.713953527036747,0.945872801082544,0.5718538565629229,0.9550812096381209,0.6821801136761855,0.0557510148849797,0.38863328822733423,0.6645091693635383,0.6409952606635071,0.5527950310559007,2.3279836177825928,5.236553192138672,5.830332279205322,3.936708450317383,5.286964416503906,5.4573073387146,4.60195255279541,2.6702349185943604,3.959434747695923,5.007543563842773,1.9560375213623047,6.504207134246826,nan,0.9710806697108066,0.4523809523809524,0.9472630173564753,0.0,0.023809523809523808,"[[638, 0, 19], [1, 19, 22], [138, 20, 2838]]","[[541, 201, 102], [491, 956, 477], [147, 164, 616]]",nan,nan,nan,nan,nan,nan,nan,nan,nan,nan,nan,nan,nan,nan,nan,nan,nan
38,0.0007723195175075133,fixed,0.24966617983441525,0.4993323596688305,0.09959315847438911,0.1495113756767497,0.0005616469585097956,0.08335632253392032,0.11335234979619578,0.0005616469585097956,0.08335632253392032,0.5667617441997878,0.0007822558332994824,0.18079512648320947,0.03615902599977945,0.08118417866918243,0.016236835912461757,0.0,1.1449161848776719,0.8164158255708718,0.3278616952073429,0.0006386736796032108,0.29773147759482727,0.20315676647287584,0.0006386736796032108,0.29773147759482727,1.0157838204232863,0.0009524589738114176,0.6235246268435002,0.12470492799444999,2.5934217493677787,0.5186843498735432,0.0,3.888365181910468,0.9309878213802436,0.5585926928281462,0.957114122486447,0.6990529186417207,0.0557510148849797,0.3469553450608931,0.6138079827400216,0.6777251184834123,0.5372670807453416,1.2299087047576904,3.679452419281006,2.911428213119507,2.426473617553711,3.9862077236175537,2.5492568016052246,2.3702046871185303,2.47090482711792,3.366288900375366,4.615999221801758,1.069227695465088,4.589510440826416,nan,0.802130898021309,0.40476190476190477,0.9666221628838452,0.0,0.023809523809523808,"[[527, 0, 130], [1, 17, 24], [83, 17, 2896]]","[[572, 182, 90], [585, 923, 416], [165, 193, 569]]",nan,nan,nan,nan,nan,nan,nan,nan,nan,nan,nan,nan,nan,nan,nan,nan,nan
39,0.0007612492823579742,fixed,0.24413557836282304,0.4882711567256461,0.09201845478599363,0.15170526997916414,0.00041185184357885263,0.07916249497986595,0.11306127739515905,0.00041185184357885263,0.07916249497986595,0.5653063785367021,0.0005821163407071363,0.1932199545269098,0.0386439915944784,0.06427979708053157,0.012855959738399998,0.0,1.056153806297963,0.720841093000443,0.334804237034066,0.0005084650200811821,0.2737203831359724,0.20717231431655858,0.0005084650200811821,0.2737203831359724,1.0358615566816316,0.0007620836679945941,0.6381596047436272,0.12763192323370456,2.2356034771770052,0.44712070487538486,0.0,3.6394582060931864,0.9426251691474966,0.5604871447902571,0.9598339860578441,0.7034806955866985,0.05250338294993234,0.33396481732070366,0.8036677454153183,0.5687203791469194,0.5481366459627329,1.2207245826721191,3.149421215057373,2.4725613594055176,2.5925564765930176,3.270113945007324,3.35758376121521,3.1749579906463623,2.047250986099243,3.107694387435913,4.607694625854492,0.7853823900222778,4.6077752113342285,nan,0.8280060882800608,0.5476190476190477,0.9732977303070761,0.0,0.0,"[[544, 0, 113], [0, 23, 19], [73, 7, 2916]]","[[480, 196, 168], [369, 846, 709], [91, 91, 745]]",nan,nan,nan,nan,nan,nan,nan,nan,nan,nan,nan,nan,nan,nan,nan,nan,nan
40,0.0007499999999999998,fixed,0.24124133884654345,0.4824826776930869,0.08870249300346818,0.1521336927715191,0.0004051533678547717,0.06885489495873985,0.11292108934909291,0.0004051533678547717,0.06885489495873985,0.5646054392948839,0.0005689899509050065,0.1960630173929533,0.039212604143639154,0.09923798887173017,0.019847598201383463,0.0,1.1244188233705916,0.7954923905039027,0.3284036963976446,0.0005227441615213959,0.30752822288963566,0.2014751282693246,0.0005227441615213959,0.30752822288963566,1.0073756186339464,0.0007591752421598584,0.6346428243975194,0.12692856583971132,2.439820855511345,0.48796417629005,0.0,3.8147513444273566,0.9299052774018944,0.5834912043301759,0.9584952138887817,0.6950406060309176,0.055209742895805144,0.3715832205683356,0.6903991370010788,0.6741706161137441,0.5590062111801242,1.0705881118774414,3.4380478858947754,2.5386505126953125,1.9558571577072144,3.7682669162750244,2.556544542312622,2.7661116123199463,2.9049277305603027,3.7682669162750244,5.268266677856445,0.867590069770813,5.268266677856445,nan,0.8082191780821918,0.42857142857142855,0.9636181575433912,0.0,0.0,"[[531, 0, 126], [0, 18, 24], [90, 19, 2887]]","[[569, 206, 69], [512, 947, 465], [146, 141, 640]]",nan,nan,nan,nan,nan,nan,nan,nan,nan,nan,nan,nan,nan,nan,nan,nan,nan
41,0.0007385793801298041,fixed,0.22362318305663012,0.44724636611326024,0.08218963829586039,0.14098579640959402,0.0004477481965234331,0.0701540450775852,0.10694718651053867,0.0004477481965234331,0.0701540450775852,0.5347359216402905,0.0006148445487468199,0.1701930502376753,0.03403861050487423,0.060177965470547955,0.012035593302101907,0.0,1.0955173313053115,0.774897251053334,0.32019962972491295,0.00042046473597217963,0.2766019907388055,0.19679931815970733,0.00042046473597217963,0.2766019907388055,0.9839965692553695,0.000624960732500728,0.617001568012857,0.12340031462811005,2.4914763197646868,0.49829526849557976,0.0,3.2199452140700155,0.9450608930987822,0.5983761840324763,0.9625298526805447,0.7063758370030692,0.0543978349120433,0.33667117726657647,0.7152103559870551,0.669431279620853,0.5900621118012422,1.0069918632507324,3.07456374168396,2.8666913509368896,2.1005890369415283,3.185117721557617,2.428236961364746,2.2734830379486084,1.7709448337554932,3.2051711082458496,4.441212177276611,1.019936442375183,4.44195556640625,nan,0.9710806697108066,0.38095238095238093,0.9472630173564753,0.0,0.0,"[[638, 0, 19], [0, 16, 26], [142, 16, 2838]]","[[565, 168, 111], [476, 983, 465], [112, 152, 663]]",nan,nan,nan,nan,nan,nan,nan,nan,nan,nan,nan,nan,nan,nan,nan,nan,nan
42,0.0007269952498697732,fixed,0.22294586225627402,0.44589172451254805,0.08060373560831936,0.1418341480799989,0.000507979245431114,0.06660987687257668,0.1068436368430827,0.000507979245431114,0.06660987687257668,0.5342181751339901,0.0006999342919897415,0.17495255717309346,0.034990511947536336,0.06996929034939403,0.013993858469903574,0.0,1.1495003671058943,0.8097677842367325,0.33911175030978025,0.0006208169075543205,0.311820945155798,0.20499909363273677,0.0006208169075543205,0.311820945155798,1.0249954544320319,0.0008233686163013294,0.6705632572648328,0.13411265438843484,2.489734078819819,0.4979468250587521,0.0,3.701794891239847,0.9353179972936401,0.577807848443843,0.9544120025504892,0.7179078003279464,0.0557510148849797,0.3296346414073072,0.6612729234088457,0.7097156398104265,0.5574534161490683,1.2251155376434326,3.5446255207061768,3.2755744457244873,2.3772952556610107,3.5463078022003174,3.6049821376800537,2.8429160118103027,2.289407253265381,3.5463078022003174,5.0463080406188965,0.7568709254264832,5.0463080406188965,nan,0.943683409436834,0.5476190476190477,0.9389185580774366,0.0,0.0,"[[620, 0, 37], [0, 23, 19], [167, 16, 2813]]","[[599, 150, 95], [603, 923, 398], [179, 135, 613]]",nan,nan,nan,nan,nan,nan,nan,nan,nan,nan,nan,nan,nan,nan,nan,nan,nan
43,0.0007152555484041474,fixed,0.22076859791750225,0.4415371958350045,0.08268440861300683,0.1373875844587871,0.00069660459725257,0.0684210776568714,0.10501014278302702,0.00069660459725257,0.0684210776568714,0.5250507064145203,0.0009329168503630778,0.1618872043400078,0.03237744147382044,0.07131665260636606,0.014263330970514455,0.0,1.2584998922515787,0.9067083630655389,0.3510810640732555,0.0007104707811864569,0.297609421711652,0.21083875787677558,0.0007104707811864569,0.297609421711652,1.0541937775799,0.0010560830825680164,0.7012115255099027,0.14024230597266002,3.0454947916319512,0.6090989583263902,0.0,3.868897402003198,0.9401894451962111,0.5553450608930988,0.9657146229985913,0.7232109735200658,0.0530446549391069,0.30419485791610285,0.6990291262135923,0.5971563981042654,0.5496894409937888,1.4547454118728638,3.6924078464508057,3.936511754989624,3.501784086227417,3.6686758995056152,5.132214546203613,3.6462016105651855,2.0311152935028076,2.7035036087036133,3.212049722671509,0.3207934498786926,3.2125418186187744,nan,0.9406392694063926,0.38095238095238093,0.9479305740987984,0.0,0.0,"[[618, 0, 39], [0, 16, 26], [143, 13, 2840]]","[[504, 192, 148], [502, 900, 522], [108, 171, 648]]",nan,nan,nan,nan,nan,nan,nan,nan,nan,nan,nan,nan,nan,nan,nan,nan,nan
44,0.0007033683215378999,fixed,0.2231974660055673,0.4463949320111346,0.08519625114914264,0.13730995968535026,0.0006912559278761118,0.07005407413958753,0.10326163836219752,0.0006912559278761118,0.07005407413958753,0.5163081806024368,0.0009163481546555466,0.1702415974996319,0.034048320039393676,0.07571088294898191,0.015142176991858413,0.0,1.1323528658391981,0.8085528113522613,0.3233021598546205,0.0004978916770920374,0.30203135770131834,0.19272344920970752,0.0004978916770920374,0.30203135770131834,0.963617238511252,0.0007440996260687215,0.6528935372910093,0.13057871038681437,2.532607215062674,0.5065214485035825,0.0,3.582679453801598,0.9426251691474966,0.595128552097429,0.9607380147465183,0.7128712216541078,0.056833558863328824,0.35020297699594044,0.6429341963322546,0.6990521327014217,0.5419254658385093,1.093056321144104,3.425372362136841,3.3312957286834717,2.2726950645446777,3.5970726013183594,3.8598251342773438,2.838597059249878,1.7573399543762207,3.0818674564361572,4.581867218017578,1.024860143661499,4.582746982574463,nan,0.9558599695585996,0.42857142857142855,0.9469292389853138,0.0,0.0,"[[628, 0, 29], [0, 18, 24], [143, 16, 2837]]","[[590, 165, 89], [552, 1013, 359], [165, 166, 596]]",nan,nan,nan,nan,nan,nan,nan,nan,nan,nan,nan,nan,nan,nan,nan,nan,nan
45,0.0006913417161825446,fixed,0.2107319514974217,0.4214639029948434,0.0792013636024885,0.13117121566433865,0.00035937438916589757,0.0632626177477468,0.09954411338932956,0.00035937438916589757,0.0632626177477468,0.4977205607807278,0.0005218833837756432,0.15813550877101595,0.03162710230385762,0.07969372630173945,0.015938745456630946,0.0,1.0799574278688238,0.7450437109993017,0.33442579766732916,0.0004879180565416556,0.2588044286984068,0.1993740497204867,0.0004879180565416556,0.2588044286984068,0.9968702390003592,0.0007133407762282968,0.675258713202483,0.13505174352488755,2.431196342134947,0.48623927989624505,0.0,3.6200231662047915,0.9431664411366711,0.5875507442489851,0.9591107882694712,0.7260080484055255,0.056562922868741546,0.3085250338294993,0.651564185544768,0.7120853080568721,0.5512422360248447,1.0496107339859009,3.3246498107910156,3.182997941970825,2.095926284790039,3.551426410675049,2.9751553535461426,2.556385040283203,2.538666009902954,3.100093364715576,4.568484306335449,1.2713581323623657,4.568498134613037,nan,0.8340943683409436,0.47619047619047616,0.9736315086782377,0.0,0.0,"[[548, 0, 109], [0, 20, 22], [65, 14, 2917]]","[[601, 161, 82], [551, 966, 407], [139, 184, 604]]",nan,nan,nan,nan,nan,nan,nan,nan,nan,nan,nan,nan,nan,nan,nan,nan,nan
46,0.00067918397477265,fixed,0.20997859602150032,0.41995719204300064,0.07571022291545773,0.13386933258429537,0.00039903920232015207,0.06169951635657014,0.10041829341173648,0.00039903920232015207,0.06169951635657014,0.5020914579272249,0.0005508859081652761,0.167255194085906,0.03345103939568415,0.0700535316414038,0.014010706617806906,0.0,1.1344222531267045,0.8028092020500013,0.3311469648300553,0.00046607729889381884,0.278447176872958,0.20074585401963477,0.00046607729889381884,0.278447176872958,1.00372925977423,0.0007374536488973945,0.6520055509549194,0.1304011110685191,2.6218101197076793,0.5243620355047561,0.0,3.377765640006842,0.9469553450608931,0.5956698240866035,0.9649086884830878,0.7179991478984931,0.05115020297699594,0.30690121786197566,0.697950377562028,0.6374407582938388,0.5683229813664596,1.0798954963684082,3.240830659866333,2.3428595066070557,2.7544829845428467,3.4052627086639404,2.814187526702881,2.9002130031585693,2.3555259704589844,2.4368717670440674,3.9052655696868896,1.0189604759216309,4.699169158935547,nan,0.9680365296803652,0.40476190476190477,0.9499332443257676,0.0,0.0,"[[636, 0, 21], [0, 17, 25], [127, 23, 2846]]","[[538, 184, 122], [407, 1016, 501], [94, 186, 647]]",nan,nan,nan,nan,nan,nan,nan,nan,nan,nan,nan,nan,nan,nan,nan,nan,nan
47,0.0006669034296168852,fixed,0.2192696477516686,0.4385392955033372,0.09008196490675967,0.12879356331354738,0.0003941189942656818,0.07263864723493244,0.09838210061526975,0.0003941189942656818,0.07263864723493244,0.4919104933832466,0.0005484931612366395,0.15205731327592573,0.030411463005018506,0.08721658854759229,0.01744331796078085,0.0,1.0516696479388277,0.7146549171378712,0.3366128716481716,0.00040184611257534924,0.28796970725704757,0.20222684097790106,0.00040184611257534924,0.28796970725704757,1.0111341879235554,0.0005847444158099108,0.6719301438863933,0.134386029448335,2.133425991656322,0.42668520679044586,0.0,3.3128174189563877,0.9366711772665764,0.6048714479025711,0.9573962101870853,0.7269293502117803,0.05466847090663058,0.29905277401894453,0.6645091693635383,0.6872037914691943,0.5962732919254659,1.0041427612304688,3.083547830581665,2.4706130027770996,2.1698176860809326,3.0931804180145264,2.68188214302063,2.797407865524292,1.6005830764770508,3.0931804180145264,4.593180179595947,0.8479187488555908,4.5931806564331055,nan,0.8280060882800608,0.5238095238095238,0.9662883845126836,0.0,0.0,"[[544, 0, 113], [0, 22, 20], [85, 16, 2895]]","[[580, 204, 60], [525, 1039, 360], [143, 168, 616]]",nan,nan,nan,nan,nan,nan,nan,nan,nan,nan,nan,nan,nan,nan,nan,nan,nan
48,0.0006545084971874735,fixed,0.20293789150725117,0.40587578301450233,0.07592241309361865,0.1266380508693263,0.00037742615155522967,0.06260434791023822,0.09589808109611989,0.00037742615155522967,0.06260434791023822,0.47949039722226033,0.0005365112525851228,0.15369984620430557,0.030739969958806075,0.06659032628263319,0.013318065608206982,0.0,1.166327389844861,0.820537701414467,0.3451323568578986,0.0006573502432128997,0.30451144481705394,0.20958102128502482,0.0006573502432128997,0.30451144481705394,1.047905093003997,0.0009738500896054893,0.6777566409724007,0.13555132915468757,2.5801312701877936,0.5160262591092026,0.0,3.9083014624262096,0.9434370771312585,0.5940460081190798,0.9582080360338746,0.7355634469426641,0.05385656292286874,0.2941813261163735,0.6990291262135923,0.6184834123222749,0.5667701863354038,1.261573076248169,3.924786329269409,4.057934761047363,1.954387903213501,4.249661922454834,3.5615193843841553,2.5091683864593506,2.409759521484375,3.576780319213867,5.076780319213867,1.569969892501831,5.264225006103516,nan,0.9649923896499238,0.42857142857142855,0.9459279038718291,0.0,0.0,"[[634, 0, 23], [0, 18, 24], [143, 19, 2834]]","[[522, 256, 66], [499, 1025, 400], [124, 155, 648]]",nan,nan,nan,nan,nan,nan,nan,nan,nan,nan,nan,nan,nan,nan,nan,nan,nan
49,0.0006420076723519612,fixed,0.19858564887734706,0.3971712977546941,0.07335963770156692,0.1248098092057995,0.0004162008161737413,0.06118591183555257,0.09467740731096447,0.0004162008161737413,0.06118591183555257,0.47338702989667447,0.000573457254608786,0.1506620074624418,0.03013240183905372,0.06086863006926765,0.012173726078352123,0.0,1.0512645167975367,0.6780121907329688,0.3726114329046422,0.0006408890173360907,0.2782348018053904,0.21852136254310608,0.0006408890173360907,0.2782348018053904,1.0926067953019407,0.0008548044674734917,0.7704503387978984,0.1540900699138964,1.998886836561121,0.3997773770687797,0.0,3.7273869687625547,0.9420838971583221,0.5983761840324763,0.9641139293045199,0.7401652702331374,0.05277401894451962,0.276319350473613,0.6655879180151025,0.5936018957345972,0.5714285714285714,1.1479535102844238,3.6662185192108154,3.067293882369995,2.0524909496307373,3.9571187496185303,3.8839361667633057,2.3301775455474854,2.8833131790161133,3.54447603225708,5.012867450714111,1.8227020502090454,5.20347261428833,nan,0.9604261796042618,0.47619047619047616,0.9445927903871829,0.0,0.0,"[[631, 0, 26], [0, 20, 22], [149, 17, 2830]]","[[501, 240, 103], [440, 1093, 391], [102, 208, 617]]",nan,nan,nan,nan,nan,nan,nan,nan,nan,nan,nan,nan,nan,nan,nan,nan,nan
